RIL,peak_status,X00001,X00002,X00003,X00004,X00005,X00006,X00007,X00008,X00009,X00010,X00011,X00012,X00013,X00014,X00015,X00016,X00017,X00018,X00019,X00020,X00021,X00022,X00023,X00024,X00025,X00026,X00027,X00028,X00029,X00030,X00031,X00032,X00033,X00034,X00035,X00036,X00037,X00038,X00039,X00040,X00041,X00042,X00043,X00044,X00045,X00046,X00047,X00048,X00049,X00050,X00051,X00052,X00053,X00054,X00055,X00056,X00057,X00058,X00059,X00060,X00061,X00062,X00063,X00064,X00065,X00066,X00067,X00068,X00069,X00070,X00071,X00072,X00073,X00074,X00075,X00076,X00077,X00078,X00079,X00080,X00081,X00082,X00083,X00084,X00085,X00086,X00087,X00088,X00089,X00090,X00091,X00092,X00093,X00094,X00095,X00096,X00097,X00098,X00099,X00100,X00101,X00102,X00103,X00104,X00105,X00106,X00107,X00108,X00109,X00110,X00111,X00112,X00113,X00114,X00115,X00116,X00117,X00118,X00119,X00120,X00121,X00122,X00123,X00124,X00125,X00126,X00127,X00128,X00129,X00130,X00131,X00132,X00133,X00134,X00135,X00136,X00137,X00138,X00139,X00140,X00141,X00142,X00143,X00144,X00145,X00146,X00147,X00148,X00149,X00150,X00151,X00152,X00153,X00154,X00155,X00156,X00157,X00158,X00159,X00160,X00161,X00162,X00163,X00164,X00165,X00166,X00167,X00168,X00169,X00170,X00171,X00172,X00173,X00174,X00175,X00176,X00177,X00178,X00179,X00180,X00181,X00182,X00183,X00184,X00185,X00186,X00187,X00188,X00189,X00190,X00191,X00192,X00193,X00194,X00195,X00196,X00197,X00198,X00199,X00200,X00201,X00202,X00203,X00204,X00205,X00206,X00207,X00208,X00209,X00210,X00211,X00212,X00213,X00214,X00215,X00216,X00217,X00218,X00219,X00220,X00221,X00222,X00223,X00224,X00225,X00226,X00227,X00228,X00229,X00230,X00231,X00232,X00233,X00234,X00235,X00236,X00237,X00238,X00239,X00240,X00241,X00242,X00243,X00244,X00245,X00246,X00247,X00248,X00249,X00250,X00251,X00252,X00253,X00254,X00255,X00256,X00257,X00258,X00259,X00260,X00261,X00262,X00263,X00264,X00265,X00266,X00267,X00268,X00269,X00270,X00271,X00272,X00273,X00274,X00275,X00276,X00277,X00278,X00279,X00280,X00281,X00282,X00283,X00284,X00285,X00286,X00287,X00288,X00289,X00290,X00291,X00292,X00293,X00294,X00295,X00296,X00297,X00298,X00299,X00300,X00301,X00302,X00303,X00304,X00305,X00306,X00307,X00308,X00309,X00310,X00311,X00312
RIL101,1,19.00,4.00,2.33,6.33,22.44,4.89,2.22,7.11,37.78,12.89,5.33,18.22,517.3,2.65,13.4,1.87,60,53,6.5,6.8,30.00,21.2,3.75,33.75,2.65,14.70,1.55,1.98,97.00,22.00,22.70,6.90,4.20,4.30,97.60,7.00,4.50,6.96,8.27,4.61,5.61,9.52,15.20,3.00,0.92,10.78,1.47,8.13,19.33,6.80,1.63,7.01,36.47,17.13,0.07,2.40,11.53,2.47,0.73,5.27,12.27,21.67,10.07,2.17,9.70,43.93,22.27,2.87,0.93,18.67,3.80,19.67,4.67,38.33,23.19,13.54,39.02,2.90,41.32,631.9,283.9,-,826.6,107.1,58.2,93.2,4.5,52.7,25.7,44.4,0,0,632,0.89,0.87,1,0.83,1639,0,346,15.9,0.12,0.13,338,114,2304,340.5,28.5,0.26,0.17,0.55,0,18.2,92.74,0,0,0,0,0,52,69.95,750.2,196.3,0,19.7,15.92,286,44.29,1554,0,160.9,0,0,331.8,0.06,0.85,0.63,0.67,762,4777,447.6,46.7,46.1,82.71,3.00,0.75,0.75,1.17,1.00,2.50,0.92,0.00,29.99,95.38,100.00,100.00,100.00,24.85,11.76,11.03,8.89,3.21,0.74,2.14,7.81,100.60,161.67,179.05,100.60,61.06,78.45,89.74,30.00,-,41.8,,,,,,,,,,,,,6.27,2.015,52.41,60.39,0.18,0.05,0.3,0.3,0.3,1.3,0.98,0.45,0.91,1.02,0.68,1.5,0.7,0.7,0.97,21.87,7.33,19.67,2.07,1.53,3.60, -, -,24.00,20.00, -, -,6.00,6.50,43.3,50.5,10,37.9,183,46.6,52.8,10,41.6,297,A,55.6,13.23,1.31,99.4,102.64,96.57,0.97,-,-,-,-,-,-,A,16.38,7.18,2,158.030,7.250,65.800,243.890,1.503,0.591,0.756,-31.76,8.00,70.88,975.51,19095.84,8352.58,53791.70,42037.51,179.22,85.69,1.69,1.41,0.94,70.70,0.20,0.79,0.15,2.84,44.56,318.58,3853.40,49347.16,30895.91,161035.10,84536.23,1246.83,132.47,24.57,14.13,1.95,253.05,0.41,1.31,0.20,5.17,25.75,4.35,112.01,16.85,25.96,0.4105,1.67,59.16,-,-,-,-,-,-,-,-,-,-,-,-,-,-
RIL108,-1,22.40,6.30,2.10,8.40,30.50,11.50,3.10,14.60,57.3,29.6,5.6,35.2,524.3,2.66,13.89,2.19,41.75,34.5,4.5,22.1,46.00,48.38,5.5,52.75,2.66,15.10,1.03,1.05,99.00,22.00,22.20,7.30,4.20,4.20,99.50,7.60,4.72,6.22,7.87,4.66,7.43,5.72,14.57,2.50,0.82,10.78,1.59,6.22,-,-,-,-,-,-,-,-,-,-,-,-,-,-,-,-,-,-,-,-,-,-,-,-,-,-,25.74,17.79,41.50,3.42,51.67,0,0,-,446.7,0,73.5,111.8,0,27.1,17.6,0,0,0,98,0.58,0.67,0.31,0.37,813,214,1369.3,22.6,0.23,0.19,439.6,77,1903,613.2,53.3,0.1,0.24,0.5,0,27.1,66.6,0,46.4,160.5,1.7,0,85,43.01,888.8,144.9,53.57,1294.2,22.62,354.7,34.01,1014,0,0,0,97.9,175,0.95,0.81,0.79,0.53,412,4663,688.5,80.4,0,96.55,-,-,-,-,-,-,-,0.00,0.00,10.33,74.04,91.03,100.00,61.39,11.88,11.03,8.89,3.12,0.85,2.14,7.90,172.00,167.50,174.00,172.00,0.00,2.00,25.00,13.33,22.73,43.1,6.76,2.92,18.19,32.32,16.35,19.53,24.99,0.8489,22.91,2.23,24.26,2.364,-,-,43.27,81.26,2.3,2.2,0.99,1.2,0.75,0.83,0.96,0.93,0.91,1.01,2.29,0.64,1.24,1.32,1.06,32.13,14.63,48.00,2.06,2.31,4.38,37,44.5,32.00,28.00,8,10.5,13.50,10.00,44.9,58.0,14,46.9,252,46.3,60.5,14,38.1,383,B,-,4.91,0.42,83.4,101.85,78.71,0.96,27.15,29.33,21.64,2.18,5.51,7.69,B,2.64,58.56,24,152.310,20.000,48.720,144.970,1.385,0.482,0.646,-30.49,7.23,63.36,541.09,15347.35,8967.59,42986.05,36002.26,237.73,88.58,1.95,1.20,1.08,84.35,0.11,0.76,0.15,4.32,23.05,356.81,702.95,40660.39,46404.14,71010.00,71833.18,2092.73,214.22,27.04,6.92,3.83,243.35,0.38,0.95,0.32,20.77,70.95,4.50,319.28,14.87,14.20,0.2629,2,33.29,B,R,14.69,14.05,20.38,16.77,5.70,2.73,0.25,0.24,0.10,0.17,-0.14,-0.07
RIL11,-1,25.22,9.22,3.11,12.33,29.30,11.30,3.50,14.80,59.2,33.4,11,44.4,522.8,2.39,15.56,2.11,57,47.5,8,25.2,44.75,31.98,7.25,44.25,2.39,20.30,2.20,4.42,100.00,26.00,26.00,8.70,4.40,4.40,100.00,8.70,3.10,5.63,6.21,4.72,5.31,4.68,14.78,2.10,1.39,15.48,3.38,11.09,25.53,10.40,1.79,11.29,44.20,18.67,0.20,3.33,12.13,3.53,0.67,3.40,12.80,29.67,13.60,2.10,12.47,54.87,25.20,3.40,0.40,15.33,3.80,19.07,2.80,34.40,8.12,15.59,18.39,2.78,54.31,1054.8,272.3,0.64,455.4,0,71.5,93.3,5.6,22.2,18.7,29.5,1654.6,536.7,1055,0.65,0.78,0.39,0.67,1056,1655,523.2,50.5,0.21,0.19,415.2,192,1793,979.9,76.9,0.1,0.08,0.5,4.17,15.7,103.69,0,26.1,0,17,14.34,76.2,103.12,674.9,108.8,0,434.7,36.15,339,89.17,1119,0,0,0,0,193.2,0.83,0.82,0.87,0.62,2952,4446,1091.1,92.6,54.4,74.80,0.75,0.00,0.00,0.83,0.00,2.00,0.50,0.00,0.58,30.97,83.95,94.11,100.00,51.21,12.00,10.21,7.31,3.21,1.80,2.90,7.00,70.00,101.30,169.79,70.00,31.30,99.79,44.74,-,-,40.6,,,,,,,,,,,,,8.41,1.38,80.45,48.26,1.01,1,0.59,0.99,0.29,0.75,0.82,1.76,1.11,0.62,1.96,0.45,1.15,1.61,1.07,34.25,18.69,36.06,0.38,4.31,4.69,-,-,-,-,-,-,-,-,38.4,62.3,17,29.5,187,42.0,61.0,16,30.9,211,B,53.7,4.35,0.45,94.7,104.67,84.04,0.94,-,-,-,-,-,-,B,32.05,91.44,9,151.690,6.180,73.600,138.600,1.124,0.921,1.045,-32.11,5.55,62.57,824.42,17046.82,10668.42,53832.88,34918.27,204.97,93.67,1.86,1.94,1.95,92.99,0.15,0.48,0.75,3.71,12.62,218.59,1175.55,39287.67,35950.88,126154.75,88241.38,1078.01,228.62,20.38,4.06,11.86,310.42,0.69,-,2.74,16.55,10.51,4.25,44.67,17.45,17.18,0.3005,2.5,76.73,A,-,15.17,11.16,24.21,17.03,9.05,5.87,0.20,0.23,0.09,0.17,-0.11,-0.06
RIL112,1,17.63,4.38,2.13,6.50,21.88,6.00,2.63,8.63,27.3,7.6,3.8,11.4,495.5,2.41,10.18,1.78,47.5,39,7.5,6.22,17.75,24.25,3.25,33.25,2.41,22.70,0.96,1.85,98.00,1.00,1.00,7.10,2.70,2.70,99.50,7.60,4.17,5.25,7.54,4.75,6.25,6.91,13.69,2.30,1.18,11.06,0.80,0.00,20.67,8.00,1.48,7.89,37.40,16.73,0.33,2.60,14.93,2.93,1.40,6.80,16.33,19.40,7.87,1.56,8.64,41.27,21.87,1.47,1.47,17.40,2.93,13.20,4.53,30.60,15.53,9.13,40.17,1.91,29.14,0,0,-,923.2,0,53.4,110.8,3.8,35.5,31.2,65.2,0,0,689,1,0.9,1,0.95,1755,0,99.8,0,0,0.1,198.8,61,1706,475,29,0.16,0.08,0.49,0,18.6,76.27,0,0,0,0,0,45.2,47.65,575.2,142.7,0,46.4,0,153.6,12.94,1130,0,0,0,688.9,688.5,0.47,0.77,0.27,0.66,749,3909,564.7,47.6,0,79.38,0.35,0.00,0.15,0.15,0.00,0.25,0.00,0.00,52.65,97.10,100.00,100.00,100.00,20.61,11.77,11.18,9.06,6.58,0.59,2.12,4.59,122.49,150.56,166.06,122.49,28.07,43.58,71.67,-,-,44.3,,,,,,,,,,,,,5.62,2.25,52.6,62.62,1.26,1.05,1.22,1.25,1.15,0.6,0.63,0.41,0.54,0.76,0.64,0.72,0.76,0.65,0.71,24.27,9.60,22.67,1.13,2.60,3.73,-,-,-,-,-,-,-,-,37.0,38.0,8,30.8,81,39.7,38.5,8,37.1,111,A,82.0,-,-,-,-,-,-,-,-,-,-,-,-,B,21.28,40.18,14,154.900,25.490,59.310,112.750,1.078,0.637,0.833,-31.7,7.21,57.97,798.91,17264.78,8009.18,49146.95,37416.65,214.16,85.92,2.07,1.17,2.77,89.68,0.21,1.83,0.14,3.75,33.44,339.56,3253.26,38155.98,25437.80,130375.60,66601.11,1820.90,161.34,33.32,8.73,2.93,315.17,1.05,2.46,0.25,9.56,61.77,7.05,435.48,-,-,-,1.5,28.02,-,-,-,-,-,-,-,-,-,-,-,-,-,-
RIL116,-1,20.80,5.80,2.20,8.00,24.00,7.00,2.40,9.40,34.33,11.88,4.63,16.5,472.5,2.73,17.4,2.18,60.75,57.25,3.5,10.2,35.75,32.13,4,35.5,2.73,19.60,0.70,0.27,99.99,31.00,31.00,8.70,4.50,4.50,100.00,8.70,5.53,7.08,10.22,4.92,7.47,6.78,16.09,2.70,1.67,13.89,2.73,12.57,22.00,7.67,1.93,14.03,39.20,17.20,0.47,1.93,14.53,2.40,2.67,4.80,17.20,21.73,9.07,2.05,12.63,42.47,20.73,2.07,0.87,16.27,2.93,14.20,4.13,30.47,17.59,16.55,33.27,3.07,49.39,0,0,-,461.5,0,63.8,90.5,4.3,25.1,14.2,14.4,0,0,486,0.68,0.74,0.44,0.36,896,608,1615.4,27.5,0.21,0.13,151.5,103,1049,712.6,93.3,0.16,0.11,0.31,0,8.1,112.09,99.64,19.9,397.7,29.3,0,25.5,74.5,381.9,168.6,122.27,1473.9,27.45,126,28.44,667,88.47,0,48.3,386,246,0.91,0.83,0.38,0.64,1224,3831,833.1,101.4,0,86.65,0.65,0.00,0.25,0.15,0.00,0.35,0.00,0.00,14.79,73.63,98.70,100.00,100.00,31.61,13.49,11.40,10.53,6.13,2.10,0.86,5.27,118.06,147.44,170.00,118.06,29.39,51.94,65.79,-,-,42.4,,,,,,,,,,,,,5.99,2.425,100.15,47.09,1.66,1.46,1.71,2.04,1.29,1.55,2.28,2.61,2.14,2.01,2.65,0.71,1.86,2.26,1.61,27.53,11.20,26.93,1.27,2.27,3.53,-,-,-,-,-,-,-,-,39.5,50.8,12,32.0,95,43.8,52.6,12,33.4,149,B,-,-,-,-,-,-,-,-,-,-,-,-,-,B,3.25,97.44,7,203.110,40.410,76.170,137.820,0.881,0.570,0.674,-32.29,6.89,49.92,641.59,17417.01,9927.71,44683.71,37879.60,235.93,86.81,2.16,1.22,1.57,88.48,0.21,0.46,0.69,4.41,29.84,242.40,1114.60,58489.38,41613.80,209049.20,119569.73,1093.78,263.78,27.72,11.54,7.74,260.93,0.37,0.51,1.84,17.01,176.96,5.95,1052.91,12.22,18.72,0.1790,3,86.52,B,-,-,-,-,-,-,-,-,-,-,-,-,-
RIL120,-1,21.10,5.90,2.20,8.10,25.10,7.60,3.10,10.70,43,15.88,4,19.88,491.5,2.31,11.61,1.92,51.75,46.75,4,9.5,32.50,29.5,3.5,54.25,2.31,19.30,0.33,0.09,99.99,81.00,81.00,8.70,5.90,5.90,100.00,8.70,4.32,6.03,6.85,3.81,6.08,6.82,14.20,3.10,1.10,14.36,2.44,15.26,21.27,8.27,1.79,8.65,38.47,17.20,0.73,1.93,14.80,2.67,6.47,6.29,21.27,23.50,11.29,2.09,9.74,44.21,20.71,3.07,0.57,19.79,3.64,22.57,5.93,42.36,20.17,12.78,30.17,2.69,39.59,0,0,0.00,476.8,0,65.7,117,3.8,27.7,15.5,12.7,510.8,0,98,0.37,0.76,0.11,0.42,779,782,1079.7,22,0.19,0.14,206.7,94,1316,338.1,46,0.75,0.12,0.43,2.57,7,248.49,0,33.2,227.9,1.2,15.37,23.9,79.25,345.4,133.3,43.68,977.7,6.59,182.8,14.93,971,0,0,35,98.2,135.7,0.91,0.88,0.19,0.74,997,3530,599.6,53,0,90.63,3.00,0.25,0.50,0.33,0.00,2.75,0.17,13.99,65.29,85.76,97.04,96.47,97.81,16.45,10.96,9.86,7.83,6.11,1.10,2.03,3.75,76.71,164.54,177.14,76.71,87.84,100.44,39.38,-,24.34,42.1,7.45,3.02,16.1,26.93,23.74,19.09,25.9,0.6857,24.35,4.578,25.88,5.064,4.405,2.405,88.19,51.98,2.19,1.68,1.79,1.83,1.71,1.54,2.11,1.95,1.86,1.94,2.16,1.27,1.95,1.82,1.68,25.56,7.75,23.31,2.06,2.25,4.31,45,44,28.00,28.00,12.5,11,7.00,7.00,39.3,64.8,14,31.1,119,39.5,71.9,16,30.0,268,B,-,6.11,0.57,99.5,98.54,96.61,0.98,28.57,28.92,23.71,0.35,4.86,5.21,A,-,70.96,10,171.130,4.120,68.040,121.650,0.619,0.515,0.515,-31.53,7.27,72.63,665.75,16855.73,10761.54,43233.43,35877.86,194.59,92.55,1.75,1.36,1.74,101.18,0.16,0.61,0.13,3.90,17.19,329.93,3019.76,32425.03,38570.39,134726.40,65072.24,1842.80,217.49,21.40,11.25,30.01,343.77,0.71,-,-,13.59,85.35,5.90,503.57,17.63,13.92,0.2179,3,52.01,B,S,11.74,11.69,19.64,15.58,7.90,3.89,0.29,0.24,0.17,0.16,-0.11,-0.08
RIL125,1,22.40,6.40,2.30,8.70,25.10,6.60,2.40,9.00,48.9,21.2,6.1,27.3,489.8,2.00,15.78,1.92,71.75,67,4.5,8.6,49.00,47.53,3.5,43.75,2.00,17.90,1.00,3.44,94.00,2.00,2.10,6.60,2.90,3.00,100.00,8.70,5.58,5.68,6.79,4.21,6.09,5.76,15.87,1.80,1.07,9.48,1.18,8.09,21.87,8.60,1.94,18.16,40.73,18.87,0.07,1.40,14.00,1.47,0.60,4.27,14.60,25.40,10.47,2.09,17.43,51.67,26.27,2.67,0.93,16.60,3.60,20.33,1.93,36.93,21.28,12.98,47.00,2.96,40.29,0,0,-,917.6,0,52.2,102.1,3.7,38.7,30.8,52.2,0,0,326,0.84,0.91,1,0.94,1629,0,113.5,20.7,0.19,0.1,227.8,86,2107,656.3,71.4,0.14,0.25,0.55,0,19.2,105.47,0,0,0,0,0,35,55.37,708.2,177.8,0,61.3,20.72,192.7,31.09,1398,0,0,0,325.6,533.5,0.54,0.85,0.56,0.66,433,4221,768.5,90.6,0,84.60,2.50,0.50,1.25,1.95,2.00,3.50,0.92,2.00,51.20,100.00,100.00,100.00,100.00,19.39,13.25,11.29,8.53,3.81,1.96,2.77,7.48,92.36,147.78,173.33,92.36,55.42,80.98,88.33,-,-,42.6,,,,,,,,,,,,,4.235,2.135,71.06,56.9,0,0,0.05,0.05,0.05,0.13,0.68,0,0.27,0.1,0.13,0,0.85,0,0.28,25.44,13.88,41.81,1.25,1.94,3.19,-,-,-,-,-,-,-,-,42.8,75.1,19,31.5,108,49.4,79.1,20,35.0,278,A,51.0,8.18,0.77,98.9,104.96,85.78,0.86,-,-,-,-,-,-,A,12.28,11.61,4,178.140,244.810,62.840,120.220,0.984,0.437,0.546,-31.7,7.44,57.90,1168.29,19971.52,7424.87,44460.14,40368.43,189.22,115.49,1.95,1.23,0.76,80.59,0.28,0.57,0.37,4.45,-,-,-,-,-,-,-,-,-,-,-,-,-,-,-,-,-,76.69,3.95,302.93,16.17,23.72,0.3216,2.25,44.67,A,-,15.21,14.36,20.85,17.31,5.64,2.95,0.24,0.24,0.13,0.19,-0.11,-0.05
RIL126,1,23.67,7.11,2.56,9.67,26.00,7.60,2.20,9.80,42.11,17.56,4.22,21.78,562,2.72,15.21,2.08,62,39.5,22.5,9.86,35.50,36.85,3.5,34.5,2.72,23.40,0.67,0.43,97.00,16.00,16.50,6.90,4.00,4.00,100.00,8.70,3.85,6.09,9.38,6.30,5.40,10.13,14.90,2.30,1.48,10.38,1.87,12.65,22.87,7.53,1.91,15.13,40.13,17.27,0.00,2.20,11.53,2.20,0.00,4.27,11.53,23.33,9.20,1.90,13.33,47.13,23.80,2.47,0.47,11.73,2.93,16.67,2.60,28.40,24.88,15.99,32.62,3.23,49.11,0,0,-,764.6,0,0,0,3.9,17.1,30.4,62.2,0,0,466,0.88,0.92,1,0.93,1412,0,100.7,19.9,0.13,0.09,185.1,130,1956,398.5,51.4,0.29,0.24,0.58,17.87,20.3,129.56,0,0,0,0,0,19.3,76.79,533.9,223.8,0,100.7,19.94,165.8,53.32,1422,0,0,0,466.1,423.7,1,0.9,0.69,0.73,616,3675,544,71.8,0,91.90,3.50,2.00,1.00,1.17,1.00,1.75,0.58,1.30,27.86,90.84,99.48,98.73,100.00,24.67,13.10,11.57,10.00,5.89,1.53,1.57,5.68,15.95,99.89,151.67,15.95,83.94,135.71,-,-,-,41,,,,,,,,,,,,,4.77,2.475,101.25,68.51,2.66,2.22,1.93,2.4,1.4,2.02,1.74,1.68,1.81,1.93,1.35,2.05,1.64,1.63,1.77,25.94,12.38,36.25,1.44,1.81,3.25,-,-,-,-,-,-,-,-,44.6,63.5,13,34.8,170,48.4,70.3,14,35.4,315,A,43.2,13.28,1.26,99.1,104.92,90.88,0.91,-,-,-,-,-,-,A,2.47,0.00,10,182.380,46.110,60.620,112.950,1.244,0.466,0.725,-32.03,6.15,94.00,642.67,15903.01,8557.80,50905.98,38064.09,220.90,112.67,1.50,1.21,2.40,119.27,0.33,0.54,1.06,4.25,10.44,293.91,1110.18,26902.67,34240.18,110164.00,69629.79,1100.31,176.50,18.85,10.03,14.24,469.63,-0.22,-0.22,2.61,30.32,92.08,5.87,540.23,16.05,16.16,0.2359,0,63.00,-,-,-,-,-,-,-,-,-,-,-,-,-,-
RIL127,1,22.60,7.90,2.40,10.30,34.50,16.20,5.10,21.30,61.67,36.11,11,47.11,512.5,2.52,13.24,2.34,36.5,31.5,1.25,25,42.50,43.88,6.25,52.25,2.52,17.80,1.67,4.14,96.00,12.00,12.50,6.80,3.80,3.80,99.20,7.40,3.46,5.24,5.76,3.25,5.23,5.14,13.90,2.20,1.17,11.14,1.66,8.39,26.80,10.20,1.53,11.51,44.93,18.13,0.00,2.73,10.40,2.73,0.00,3.00,10.40,37.27,16.07,2.05,14.85,63.73,26.47,1.87,2.00,15.87,3.87,8.47,1.21,24.33,13.97,17.69,34.39,3.24,52.66,685.5,355.6,0.39,384.5,0,83,109.8,4,24.9,37.8,16.1,1774.9,836.7,686,0.7,0.82,0.28,0.73,1022,1775,375.6,37.5,0.12,0.17,424.1,270,2143,734.4,75,0.11,0.11,0.52,0,19.7,76.49,0,28.3,0,22.2,0,72,204.24,872.5,112.6,0,270.5,37.45,352.1,65.5,1270,0,0,0,0,140.8,0.72,0.83,0.32,0.59,2768,4939,825.3,94.7,61.5,76.51,-,-,-,-,-,-,-,13.68,70.64,99.42,100.00,100.00,100.00,13.71,15.85,14.42,10.43,6.61,1.43,3.99,7.81,145.00,165.00,180.00,145.00,20.00,35.00,49.23,-,24.19,46.3,6.38,3.09,17.12,35.84,15.16,18.57,25.43,0.4802,24.78,1.201,24.71,2.013,6.805,1.725,102.86,101.05,2.3,2.21,1.99,2.49,1.08,0.81,1.15,0.91,0.96,1.29,1.35,1.1,1.45,0.97,1.17,37.44,18.25,44.13,0.38,3.56,3.94, -, -,34.00,29.00, -, -,11.50,10.00,39.9,66.8,16,27.1,115,44.4,71.7,17,23.4,151,A,66.7,16.64,1.37,87.3,140.82,82.61,0.93,27.33,29.17,23.65,1.84,3.68,5.52,A,11.36,4.22,12,166.670,14.010,53.620,123.190,4.686,0.918,0.870,-31.33,6.25,52.82,1585.48,17736.60,9154.98,52837.50,35714.96,190.33,115.45,1.94,1.12,1.47,84.72,0.24,1.07,0.54,4.38,14.98,285.92,1019.86,40734.03,32311.16,132120.40,66259.42,795.58,279.87,30.63,9.00,24.29,632.23,0.17,-,1.32,28.38,10.19,3.78,38.47,12.38,22.24,0.2957,2.75,48.95,A,R,12.70,11.93,20.38,16.37,7.67,4.43,0.25,0.22,0.11,0.17,-0.14,-0.05
RIL13,1,16.80,4.10,1.90,6.00,18.11,4.11,1.67,5.78,21.13,4.25,2.5,6.75,544,2.80,8.1,1.73,33.5,27.25,4.75,6.3,18.50,16.13,3.25,31,2.80,19.40,1.93,4.72,100.00,82.00,82.00,8.70,5.90,5.90,100.00,8.70,6.18,6.51,9.44,4.06,6.84,5.21,14.80,2.50,1.31,11.74,3.29,9.83,19.79,6.43,1.84,7.41,37.00,17.21,0.57,1.29,14.93,1.86,4.71,5.79,19.64,17.47,6.73,2.01,8.85,38.27,20.80,1.40,0.60,18.20,2.00,22.47,4.87,40.67,20.35,11.21,37.67,2.05,32.48,0,0,-,1243.9,0,0,93.6,3,43.6,42.5,64.2,0,0,823,0.63,0.91,1,1,2737,0,6.3,16.8,0.6,0.1,179.1,11,1610,211.6,25.6,0.37,0.03,0.38,0,15.8,63.64,0,0,0,0,0,31.8,3.04,623.2,214,0,6.3,16.79,147.3,8.32,986,0,0,0,823.4,1278.9,1,0.82,2.74,0.61,852,4672,276.1,41.4,0,61.68,3.00,1.00,0.25,1.25,1.00,3.50,0.33,0.00,8.55,88.12,100.00,99.58,100.00,30.53,11.51,7.92,5.92,2.94,3.58,2.00,4.98,122.31,136.54,149.43,122.31,14.23,27.12,13.75,-,-,42.4,,,,,,,,,,,,,6.575,1.515,59.41,61.06,0.2,0,0,0,0,0,0.15,0.1,0.09,0,0.2,0,0,0.1,0.04,20.00,6.81,16.75,1.38,1.81,3.19, -, -,19.50,20.00, -, -,5.00,5.00,-,-,-,-,-,-,-,-,-,-,A,-,16.00,1.36,87.8,107.57,103.80,1.20,28.02,29.05,25.19,1.03,2.83,3.86,B,9.48,86.19,8,161.980,6.770,81.250,133.180,1.198,0.750,1.281,-32.36,9.43,69.57,830.84,16281.10,6979.43,36569.38,40225.50,259.81,97.97,2.22,1.32,1.96,67.03,0.17,0.74,0.10,5.12,50.74,283.27,1642.78,49836.57,40253.57,125995.75,85885.00,1476.51,195.77,23.65,0.51,6.11,209.64,1.46,1.04,-,13.80,57.94,6.70,388.20,15.47,15.34,0.2224,0,19.54,B,-,-,-,-,-,-,-,-,-,-,-,-,-
RIL132,1,23.90,6.70,3.30,10.00,36.50,15.10,4.40,19.50,59.33,37.89,8.89,46.78,541.3,2.59,12.64,1.83,56.5,50.25,5.75,23,44.00,20.9,8,39.25,2.59,20.40,3.32,3.63,77.00,24.00,31.20,5.70,4.30,4.50,88.30,6.20,3.64,4.98,5.80,3.92,4.81,5.34,11.82,3.20,1.58,15.22,3.71,26.91,28.40,9.13,1.41,5.04,45.67,17.27,0.07,2.73,9.53,2.80,0.20,3.87,9.73,32.54,13.23,2.22,8.42,58.23,25.69,2.31,1.92,18.77,4.23,15.46,3.85,34.23,14.70,12.37,25.13,2.88,38.42,895.6,569.8,0.64,205.9,360.1,0,109.3,5.1,18,13.3,16.3,1396.3,1029.5,896,0.74,0.76,0.39,0.48,878,1396,934.9,29.5,0.14,0.15,214.1,187,1181,357.7,86.4,0.29,0.09,0.32,0,17.5,120.12,0,0,0,0,0,65.6,116.31,807.1,0,0,162.5,29.52,148.4,71.14,374,0,412.3,0,0,102.2,0.17,0.69,0.61,0.32,2509,4370,491.5,103.9,43.3,90.31,3.50,1.25,1.25,1.50,1.00,4.50,0.58,0.00,0.00,0.00,9.01,23.12,50.98,147.68,-,-,-,-,-,-,-,-,-,-,-,-,-,-,-,25.17,40,7.75,3.4,11.76,31.21,23,18.54,,,26.14,3.582,27.03,4.021,6.12,1.62,64.71,66.19,0.15,0.05,0.01,0.02,0,0,0.1,0.03,0.04,0,0.03,0.03,0.15,0,0.06,32.60,9.71,20.71,1.07,3.36,4.50, -, -,30.00,32.00, -, -,8.75,9.50,38.0,74.6,16,26.3,146,35.8,76.5,18,25.1,195,B,65.8,-,-,-,-,-,-,28.97,32.52,24.30,3.55,4.67,8.22,A,13.79,1.61,11,326.920,8.240,53.300,119.230,5.879,0.549,0.824,-32.17,-,-,-,-,-,-,-,-,-,-,-,-,-,-,-,-,-,-,-,-,-,-,-,-,-,-,-,-,-,-,-,-,-,-,21.60,6.38,137.70,14.65,32.40,0.4039,-,-,-,S,12.64,12.02,21.86,16.53,9.22,4.51,0.25,0.23,0.09,0.17,-0.16,-0.06
RIL133,1,20.00,5.11,1.67,6.78,23.80,6.70,2.30,9.00,46,17.67,5.22,22.89,467,2.15,10.7,1.78,56.25,54.75,1.25,8.5,34.00,25.5,4.75,45.25,2.15,17.80,1.73,2.52,99.00,4.00,4.00,7.30,3.20,3.30,99.60,7.70,4.45,4.82,6.74,3.19,5.32,5.63,13.83,2.70,0.93,8.69,2.02,10.22,21.33,7.73,1.28,6.70,39.00,17.67,0.33,1.73,14.33,2.07,2.60,5.33,16.93,25.08,11.23,1.82,8.54,48.00,22.92,3.15,0.62,20.00,3.77,23.69,5.46,43.69,17.24,14.60,29.96,2.83,46.34,445.2,319.6,1.86,763.3,105.2,0,0,4.2,27.4,25.9,25.3,239.4,0,445,0.83,0.88,0.65,0.85,1750,239,318.2,17,0.14,0.11,268,109,2086,438.6,37.6,0.12,0.16,0.53,0,17.1,53.75,0,0,0,13.2,0,43.2,51.22,761.9,344.5,0,47.2,16.98,224.8,57.34,1324,0,105.2,47.3,0,322.6,0.15,0.84,1.12,0.64,810,4454,506.3,54.7,38.1,88.29,2.50,-,1.25,0.15,0.15,0.25,0.10,0.00,0.00,14.78,98.72,99.38,99.49,50.71,-,-,-,-,-,-,-,-,-,-,-,-,-,47.28,-,-,41.9,,,,,,,,,,,,,4.89,1.665,70.08,52.94,0.47,0.1,0.4,0.23,0.58,0.48,0.25,0,0.24,0.3,0,0.6,0.23,0,0.28,24.75,8.00,18.69,2.38,2.00,4.38,-,-,-,-,-,-,-,-,42.4,67.4,15,26.3,147,43.9,66.8,14,29.6,262,A,70.0,-,-,-,-,-,-,-,-,-,-,-,-,A,18.82,0.63,11,144.060,5.450,54.950,110.400,0.743,0.594,0.693,-31.95,4.99,64.77,1150.09,15194.28,7937.02,44975.23,37064.33,224.17,98.90,2.14,1.21,0.91,84.04,0.13,1.07,0.19,4.24,42.61,346.62,3261.05,34022.68,45400.16,111015.40,56077.48,1553.79,213.92,16.74,8.22,10.65,214.31,0.57,0.88,0.30,10.46,13.55,3.73,50.47,17.30,15.69,0.2720,3.25,52.40,-,-,11.71,19.61,18.67,22.89,6.95,3.28,0.25,0.23,0.10,0.17,-0.16,-0.06
RIL135,1,21.30,6.40,2.30,8.70,23.40,6.70,2.60,9.30,29.78,9.11,2.89,12,548.3,3.27,9.61,1.73,42,32,6.25,9.5,31.25,30.63,4.5,45.25,3.27,20.00,2.07,2.02,99.99,91.00,91.00,8.70,6.30,6.30,99.50,7.60,6.42,6.76,9.82,4.89,8.61,6.72,14.04,3.70,0.99,10.68,1.76,12.22,22.47,8.27,1.46,7.38,38.60,16.13,0.13,2.67,12.73,2.80,0.73,6.73,13.47,21.93,9.33,1.89,8.27,42.33,20.40,1.73,0.73,16.13,2.47,14.73,5.67,30.87,23.82,13.39,32.90,3.39,39.85,0,0,-,267.5,0,74,101.8,0,16.6,7.5,25.9,0,0,69,1,0.67,0.26,0.33,524,200,1048.5,0,0,0.16,198.3,34,1034,293.1,38.2,0.36,0.11,0.42,0,8.4,107.22,0,0,176.1,17.4,0,20.2,26.8,353.6,149.6,9.36,957,0,178.1,7.25,680,14.16,0,0,68.6,107.2,0.91,0.9,0.27,0.66,302,2923,402.5,46.7,0,157.21,2.50,0.50,1.25,1.17,1.25,3.00,0.42,0.00,12.58,78.61,94.09,98.39,100.00,32.72,11.46,10.17,6.74,4.88,1.30,3.42,5.28,135.97,166.50,164.89,135.97,30.53,28.92,56.81,-,22.32,43.8,7.25,2.83,19.53,27.54,21.6,17.64,,,,,,,-,-,125.38,146.48,2.28,2,2.17,2.2,1.95,1.99,1.06,0.83,1.29,1.6,1.67,2.43,1.82,0.98,1.75,24.06,8.50,23.81,2.00,1.94,3.94,37,40.5, -, -,8,7, -, -,46.1,50.5,10,32.9,215,46.9,49.4,10,34.8,216,A,66.7,14.07,1.48,102.1,93.15,78.67,0.77,-,-,-,-,-,-,B,2.33,76.98,6,125.930,4.170,52.780,124.540,1.343,0.556,0.787,-31.48,4.36,79.17,931.04,14086.82,8411.52,53846.07,33906.76,246.55,108.83,2.36,1.21,1.14,90.64,0.12,0.41,0.23,3.87,22.69,426.23,1141.26,54326.25,39205.18,104897.30,97616.83,1935.29,276.86,23.29,8.70,4.38,303.51,0.50,-0.14,0.28,26.47,46.66,6.93,323.49,15.32,13.50,0.2227,-,-,A,-,5.97,20.10,19.16,22.49,13.19,2.39,0.27,0.23,0.14,0.20,-0.13,-0.03
RIL136,-1,18.70,5.10,1.80,6.90,20.20,4.50,1.40,5.90,23.8,5,2,7,498.5,2.63,8.97,1.71,43.5,26.25,15.25,6,16.00,13,3.5,21.25,2.63,22.90,1.84,2.14,99.99,13.00,13.00,8.70,3.90,3.90,97.70,7.00,4.64,3.50,7.98,3.69,5.22,5.59,12.43,2.50,1.60,16.79,1.89,22.30,18.86,6.36,1.73,8.09,37.43,18.57,1.07,0.57,13.79,1.64,6.29,4.71,20.07,18.87,6.67,1.80,7.41,37.80,18.93,1.33,0.27,12.33,1.60,14.87,4.00,27.20,-,14.90,23.46,3.33,50.68,1198.9,263.8,-,845.9,103.4,0,99.2,3.3,32.2,24.1,50.9,0,0,1199,0.82,0.91,1,0.86,1724,0,285.9,28.9,0.23,0.09,181.2,99,1884,460.5,47.3,0.14,0.1,0.49,0,12.8,65.48,0,0,0,0,0,35.5,69.53,710.9,383.8,0,26.9,28.94,145.7,29.13,1173,0,0,155.6,0,230.7,0.09,0.8,0.42,0.62,1327,4210,525.9,60.1,0,96.51,-,-,-,-,-,-,-,0.00,0.00,12.60,82.76,98.62,99.38,56.20,9.79,8.32,7.11,2.70,1.47,1.21,5.62,126.67,172.00,176.00,126.67,45.33,49.33,35.29,-,24.18,36.6,7.36,2.9,10.71,27.71,26.8,18.96,25.18,0.2983,23.63,3.319,24.54,4.303,5.15,1.45,115.67,76.88,1.6,1.25,1.47,1.44,1.5,1.55,1.95,2.1,1.87,2.13,2.02,1.25,1.97,2.25,1.82,21.93,4.53,9.87,1.33,1.13,2.47,31,32,20.00,18.00,6,5,6.00,5.00,36.3,37.1,7,35.7,115,40.8,36.6,6,44.8,140,A,69.3,7.56,0.71,95.8,89.48,84.50,0.90,29.00,30.42,23.39,1.43,5.61,7.04,B,-,33.97,16,202.580,6.700,63.920,125.260,1.186,0.825,0.928,-32.66,7.62,69.60,704.54,15813.22,9709.59,43625.54,33264.25,243.68,89.69,1.86,1.04,1.31,65.08,0.17,0.96,0.29,5.09,7.15,375.82,1610.22,30643.80,32917.93,129848.00,75137.57,1079.87,171.35,17.40,13.79,24.57,384.22,0.09,-,1.05,20.57,12.04,5.23,63.01,-,-,-,0,47.79,B,-,19.43,16.58,24.13,18.07,4.70,1.49,0.18,0.24,0.11,0.23,-0.07,-0.01
RIL140,1,19.89,4.89,2.11,7.00,21.60,4.90,2.00,6.90,25.5,6.2,2.6,8.8,513.5,2.90,14.4,2.05,54.25,42.5,11.75,7,23.50,24.18,3.75,23.5,2.90,23.80,1.98,2.15,99.00,21.00,21.20,7.30,4.20,4.20,98.90,7.30,6.84,8.01,9.87,5.34,8.91,9.00,17.12,3.30,1.49,15.94,2.62,12.83,19.33,7.00,1.83,13.33,37.73,18.40,0.67,1.67,12.60,2.33,3.27,3.47,15.87,17.93,7.40,1.97,13.92,39.20,21.27,1.40,1.07,15.20,2.47,11.00,2.73,26.20,19.22,12.04,36.72,2.63,37.05,1054.8,384.6,-,799.8,0,50.5,88.4,3.9,20.9,29.2,24.8,0,0,1055,0.85,0.93,1,0.94,1811,0,112.2,14.1,0.18,0.07,152.6,65,2020,212.8,41.6,0.28,0.07,0.52,0,13.2,68.28,0,0,0,0,0,26.8,25.84,800.1,222.9,0,23.8,14.11,125.8,38.82,1220,0,0,38,0,404.2,0.21,0.82,1.5,0.6,1134,4210,282.8,54.8,34.8,66.19,0.25,0.00,0.00,0.32,0.00,0.25,0.10,0.00,0.00,62.54,99.44,100.00,100.00,39.20,10.53,10.01,8.57,4.23,0.51,1.45,5.78,104.03,122.22,161.25,104.03,18.19,57.22,22.04,-,-,41.1,,,,,,,,,,,,,4.965,2.115,85.82,75.86,0,0,0,0,0,0,0,0,0,0.03,0,0,0,0,0,22.69,9.50,26.00,0.94,1.63,2.56,-,-,-,-,-,-,-,-,45.9,39.0,8,39.5,93,42.5,36.6,8,41.3,107,A,62.0,-,-,-,-,-,-,-,-,-,-,-,-,B,12.33,88.34,6,219.140,30.620,59.810,122.970,1.148,1.053,1.053,-32.57,8.82,56.98,855.32,17434.12,9329.88,55170.98,37923.28,225.41,86.20,1.79,1.20,1.97,72.05,0.19,0.61,0.63,4.32,29.90,207.60,1085.58,39468.96,38774.20,111105.09,83057.87,1257.26,182.64,23.56,-,7.12,284.30,0.94,-,1.39,27.83,91.53,5.13,469.09,14.95,22.86,0.3577,0,23.28,A,-,-,-,-,-,-,-,-,-,-,-,-,-
RIL142,1,20.00,4.80,1.80,6.60,22.60,5.50,1.90,7.40,27.4,7.4,3.1,10.5,503.3,3.15,10.41,1.70,37.5,36,1,7.8,27.50,22.13,4.75,43.5,3.15,16.20,1.79,3.58,99.99,31.00,31.00,8.70,4.50,4.50,100.00,8.70,5.37,5.88,8.40,4.10,8.12,5.60,14.50,2.60,0.98,10.28,1.92,16.09,21.73,6.80,1.39,5.45,37.80,16.07,0.33,2.13,12.33,2.47,2.00,6.20,14.33,22.71,8.07,1.67,6.39,42.29,19.57,1.93,0.43,15.93,2.36,15.57,6.21,31.50,18.11,16.43,30.68,3.01,50.94,395.8,230.8,0.26,194.4,313.4,0,89.1,0,21.9,12,32.9,1540,561.4,396,0.47,0.72,0.2,0.37,487,1540,824,26,0.23,0.15,280.5,87,1613,235,77.1,0.25,0.06,0.49,0,9.4,57.46,0,0,0,0,0,45.4,42.92,641.4,0,0,244.9,26.04,235.1,43.71,971,0,265.8,0,0,62,0.3,0.84,1.02,0.6,2049,3877,292.4,86.5,50.3,111.27,4.00,2.00,1.75,1.52,1.00,3.50,0.67,0.00,0.00,9.21,75.20,94.14,98.97,60.66,9.42,8.89,6.99,4.04,0.53,1.89,4.84,153.73,144.17,158.10,153.73,0.00,4.37,36.84,-,22.74,42.2,7.61,3.12,16.72,31.23,20.91,16.78,24.3,0.3714,23.83,1.542,25.31,1.379,5.575,1.41,41.66,39.44,2.48,2.31,3.4,3.71,2.93,3.05,2.71,3.02,2.93,3.01,2.75,2.76,2.54,2.81,2.7,23.50,6.07,16.57,1.43,1.79,3.21,34,37,25.00,22.50,7,6,5.00,6.00,46.3,46.8,9,37.5,169,47.7,45.8,9,39.4,184,-,46.9,7.38,0.68,96.5,102.64,101.11,1.05,28.51,27.50,23.31,-1.01,5.20,4.19,A,-,0.66,14,123.780,1.080,61.620,116.760,1.838,0.432,0.703,-31.44,6.53,66.97,916.85,15011.48,9146.78,60941.48,31022.00,243.70,105.89,2.17,1.26,1.71,80.50,0.19,0.87,0.21,4.08,31.36,198.59,1658.37,42828.60,30748.20,128915.39,71530.84,1449.27,222.71,26.93,10.45,4.84,223.65,0.94,2.25,0.10,24.55,85.32,5.83,497.67,16.71,19.56,0.3011,3,33.03,B,-,6.52,18.43,20.51,17.53,13.99,-0.91,0.26,0.24,0.09,0.19,-0.17,-0.05
RIL143,1,19.60,4.50,1.60,6.10,21.50,4.60,1.40,6.00,33.3,8.4,3.2,11.6,553,2.78,13.87,2.00,51,46.5,2.25,6.6,35.50,33.18,3.5,24,2.78,17.50,1.96,3.06,90.00,5.00,5.60,6.30,3.40,3.40,98.10,7.10,5.47,6.83,8.69,3.94,9.06,8.46,17.84,2.30,0.89,8.60,2.01,9.74,20.00,6.33,1.89,14.63,37.33,17.33,0.27,1.53,9.40,1.80,1.20,3.93,10.60,19.43,7.14,2.39,18.21,41.57,22.14,1.43,0.71,15.29,2.14,18.00,2.71,33.29,26.81,18.10,45.38,3.14,53.50,0,0,-,1214.1,0,55,107.4,5.3,55.2,42.6,76.7,0,0,509,1,0.89,1,0.94,1867,0,129.1,0,0,0.12,335.2,21,2463,395.5,49.3,0.11,0.04,0.56,0,18.8,36.81,0,0,0,0,0,38.6,12.77,786.2,129.8,0,74.1,0,296.7,8.68,1676,0,0,0,508.9,522.8,0.57,0.89,0.68,0.68,530,4961,432.7,68.2,0,88.15,2.75,1.75,0.25,1.00,0.50,3.50,0.83,0.00,0.00,0.72,47.45,85.23,98.00,75.87,-,-,-,-,-,-,-,-,-,-,-,-,-,20.83,-,22.46,43.6,7.3,3.31,17.88,27.93,20.39,18.93,24.95,0.5452,23.1,2.48,24.2,3.197,-,-,95.06,60.16,1.63,1.32,1.79,2.04,1.35,0.98,1.5,1.53,1.34,1,1.69,1.13,1.6,2.23,1.65,21.67,12.33,35.20,1.67,1.67,3.33,29,29,20.25,18.00,6.5,6.5,5.50,5.50,-,-,-,-,-,-,-,-,-,-,B,-,16.10,1.51,94.4,90.76,87.77,0.93,-,-,-,-,-,-,B,19.42,4.59,11,141.500,5.500,61.500,118.000, -,0.450,0.550,-31.53,8.96,98.28,538.09,17830.65,6122.04,54089.59,46791.60,243.70,95.75,1.74,1.41,1.55,59.72,0.27,0.80,0.48,4.09,30.76,282.96,1883.06,40928.37,28272.49,154548.79,90735.00,1388.67,186.72,24.85,-,8.93,243.81,0.72,-,1.74,19.36,32.24,6.45,207.95,13.55,26.99,0.4007,0,-,A,R,17.58,15.85,22.06,23.29,4.48,7.44,0.19,0.23,0.11,0.20,-0.08,-0.03
RIL146,1,30.11,11.11,4.78,15.89,37.89,21.56,8.56,30.11,62.88,37.63,11.88,49.5,459.8,1.59,9.61,1.91,53.5,38.5,4.5,32.8,35.50,31.08,12.75,49.75,1.59,19.30,1.22,2.66,98.00,7.00,7.10,7.10,3.50,3.50,97.20,6.90,2.66,3.78,5.84,3.60,4.19,4.67,11.58,2.10,1.22,11.15,2.18,6.74,32.53,12.07,1.29,6.90,52.13,19.60,0.00,3.27,12.20,3.27,0.00,3.82,12.20,37.21,17.29,1.79,10.00,66.79,29.57,2.93,1.64,18.93,4.57,18.93,1.36,37.86,19.73,13.61,29.95,3.06,40.39,0,0,-,558.1,0,92.5,0,3.5,26.5,20.8,29.8,0,0,500,0.55,0.7,0.45,0.47,825,622,950.5,24.3,0.37,0.2,313,41,1245,705.7,69.8,0.25,0.06,0.46,109.93,8.9,172.96,75.33,18.5,388.7,0,0,40.3,36.99,364.1,137.7,152.47,858,24.31,272.7,3.99,881,81.28,0,0,424.9,110.5,0.9,0.87,0.11,0.71,1188,3364,882,78.7,0,72.70,-,-,-,-,-,-,-,0.00,0.00,8.10,51.48,78.90,98.20,72.35,10.50,9.77,9.08,6.51,0.73,0.68,3.25,141.00,169.72,177.50,141.00,28.72,36.50,91.67,-,24.07,45.8,7.01,3.37,16.59,29.82,20.3,18.51,25.98,0.3996,24.04,1.347,24.77,2.612,6.295,1.575,73.29,110.21,0.78,0.66,0.63,0.75,0.25,0.1,0.35,0,0.15,0.19,0.05,0.27,0.07,0.07,0.13,43.27,16.13,26.80,0.13,7.73,7.87, -, -, -, -, -, -, -, -,40.4,83.3,27,26.5,138,36.1,84.6,27,25.3,219,A,47.2,6.22,0.61,91.8,126.95,66.51,0.73,26.80,-,-,-,-,-,A,12.85,62.28,10,178.260,10.330,54.890,161.960,2.228,0.543,0.761,-30.25,5.74,55.23,1495.31,15285.22,7189.47,41714.38,35823.43,256.44,98.82,2.44,1.43,1.54,115.83,0.13,0.76,0.19,5.05,39.01,238.11,3727.79,38651.96,22666.11,79920.67,63942.26,1874.87,187.58,33.84,-,1.59,211.50,1.41,-,-,20.68,9.89,2.85,28.19,19.27,10.04,0.0733,0,26.59,A,R,6.75,14.91,14.23,17.01,7.48,2.11,0.30,0.24,0.18,0.23,-0.12,-0.01
RIL147,-1,19.80,5.30,1.70,7.00,23.70,6.90,2.60,9.50,44.25,20.63,6,26.63,494.8,2.43,13.15,2.17,59.5,51.5,7.25,10.2,37.00,25.38,4.75,41.5,2.43,18.00,1.60,2.53,74.00,1.00,1.40,5.60,2.70,2.80,100.00,8.70,3.62,6.15,4.58,3.90,5.24,5.49,15.41,3.30,0.99,10.14,1.86,6.35,22.93,8.40,1.44,7.14,40.13,17.20,0.87,1.60,11.67,2.47,3.20,5.73,14.87,25.27,9.93,1.49,6.79,46.07,20.80,2.33,1.33,12.73,3.67,11.67,3.07,24.40,10.53,11.88,34.13,2.87,35.59,694.2,353.9,-,621.4,99.5,0,122.8,3.6,50.1,23,16.4,0,0,694,0.82,0.87,1,0.91,1928,0,187.4,22.3,0.22,0.14,294.6,79,1882,443.2,37.7,0.15,0.13,0.49,0,20.9,70.39,0,0,0,11.4,0,42.6,42.02,637.9,595.7,0,31.2,22.31,252,36.49,1244,0,0,45.3,0,357.3,0.17,0.86,0.87,0.66,795,4469,515.5,58.6,34.9,72.49,2.00,1.00,0.75,0.25,0.00,1.50,0.17,0.43,1.91,3.88,40.80,53.25,79.81,92.52,10.26,9.45,7.20,3.03,0.81,2.24,6.42,70.60,131.90,180.00,70.60,61.31,109.40,58.33,-,24.24,44.4,6.73,3.26,16.2,28.95,21.9,19.26,24.58,0.4365,24.4,2.243,25.76,3.409,4.625,1.69,47.6,62.54,0.21,0.1,0.04,0.02,0.07,0.06,0.02,0.02,0.03,0.09,0.03,0.08,0,0,0.03,26.07,8.38,20.63,2.25,2.31,4.56,45,41, -, -,13,8.5, -, -,42.9,63.0,14,26.4,147,43.1,64.0,13,26.0,195,B,59.3,6.52,0.53,80.7,120.69,77.75,1.00,28.05,29.96,25.00,1.91,3.06,4.97,A,19.52,11.77,13,153.690,10.340,56.160,127.590,4.039,0.394,0.640,-31.62,7.22,71.18,1062.14,17598.38,8174.56,63728.24,39927.74,205.70,100.95,1.66,1.34,2.21,82.29,0.17,0.51,0.17,3.20,27.57,365.99,2131.38,47444.32,24467.75,173672.99,113926.04,1357.71,196.18,16.69,13.94,18.13,326.68,1.05,1.18,0.29,10.88,31.50,3.88,122.06,17.22,24.29,0.4065,1.33,26.68,A,R,10.58,19.24,21.21,21.19,10.64,1.95,0.29,0.24,0.11,0.17,-0.18,-0.07
RIL149,1,21.89,6.78,2.44,9.22,23.20,7.10,2.80,9.90,35.1,12.6,3.6,16.2,501.8,2.27,11.2,1.81,60.25,51.75,8.25,7.9,32.25,21.5,3.75,43.5,2.27,23.10,1.63,2.55,68.00,19.00,27.90,5.50,4.10,4.40,90.10,6.30,5.81,6.53,8.43,3.96,7.84,5.73,15.43,2.60,1.36,17.35,2.02,20.13,21.80,8.20,1.77,5.76,38.73,16.93,0.53,1.80,13.73,2.33,4.40,7.73,18.13,23.13,11.67,2.07,7.91,44.33,21.20,2.47,1.33,21.87,3.80,17.67,6.07,39.53,24.96,8.39,36.16,1.59,25.66,451.7,277.7,0.92,422.4,0,51.2,0,0,24,19.3,31.1,491.9,0,452,0.77,0.91,0.48,0.88,985,492,132.7,22.1,0.14,0.08,156.1,135,1710,355.3,48.7,0.25,0.14,0.62,0,14.1,99.09,0,0,0,0,0,25.8,64.36,663.1,124.2,0,81.5,22.12,130.4,70.37,1047,0,0,0,0,160.3,0.61,0.84,1.09,0.61,1101,3008,456.3,62.8,36.2,-,3.75,1.00,1.25,1.50,2.00,4.75,0.75,0.00,0.00,2.42,36.78,50.86,55.50,111.08,-,-,-,-,-,-,-,-,-,-,-,-,-,55.00,-,22.54,39.4,7.73,3.25,13.42,29.87,21.96,18.33,23.43,0.5489,23.09,2.797,22.92,3.521,4.61,1.46,-,-,0.3,0,0.5,0.4,0.57,0.64,2.42,1.45,1.5,0.9,1.09,0.52,1.8,1.59,1.3,22.81,7.38,18.63,1.81,1.94,3.75,44.5,44.5, -, -,12,10.5, -, -,-,-,-,-,-,-,-,-,-,-,-,53.0,9.23,0.79,88.3,103.31,81.48,0.93,26.79,26.84,22.16,0.05,4.63,4.68,A,13.60,2.37,6,174.880,13.300,78.330,134.980,3.596,0.640,0.640,-31.89,6.50,62.37,718.54,16848.17,9723.15,57580.38,36085.63,216.53,97.88,2.10,1.68,1.53,85.57,0.15,1.15,0.16,3.59,24.92,257.03,1009.44,39803.61,26948.43,97837.39,80242.53,1158.22,246.59,25.62,-,19.59,361.25,0.96,0.52,0.29,26.08,70.13,5.90,413.77,15.75,21.42,0.3069,1.67,51.81,A,S,10.04,15.78,20.69,17.53,10.64,1.75,0.34,0.27,0.14,0.19,-0.21,-0.08
RIL15,-1,24.00,6.60,3.00,9.60,28.78,9.11,3.00,12.11,51,25.5,8.63,34.13,454.8,1.45,13.39,2.58,65,39,22.5,15.9,42.75,45.23,7.25,54.25,1.45,23.20,0.85,0.37,94.00,0.00,0.00,6.60,1.30,1.30,98.40,7.20,3.56,3.61,5.72,2.90,5.15,4.85,11.41,2.10,1.96,14.15,2.92,7.83,24.73,8.13,1.13,10.86,46.13,21.40,0.20,2.53,11.60,2.73,1.93,2.64,13.53,31.60,12.20,1.57,16.49,69.00,37.40,4.33,0.20,19.87,4.53,23.93,0.40,43.80,13.93,14.68,22.84,3.33,55.38,804.6,251.6,0.59,485.8,119.9,76.7,0,4.7,22.7,76.7,18,1356.9,520.3,805,0.57,0.8,0.37,0.57,1008,1357,754.2,63.7,0.28,0.14,436.4,162,2636,745.3,35,0.18,0.1,0.57,37.83,27.1,131.76,0,0,0,15.2,26.87,84.2,94.17,982.3,137.9,0,444.2,36.84,352.2,67.65,1653,0,98.2,0,0,132.9,0.59,0.81,0.72,0.63,2387,5382,886.6,62.1,55.4,47.65,-,-,-,-,-,-,-,4.69,49.79,80.14,100.00,100.00,100.00,21.38,9.48,8.44,8.25,4.02,1.04,0.19,4.42,9.14,92.50,158.89,9.14,83.36,149.75,61.18,-,-,33.5,,,,,,,,,,,,,4.955,1.455,51.36,47.32,0.85,0,0.17,0.2,0.13,0,0.1,0,0.04,0.1,0,0.3,0.1,0.1,0.17,29.69,13.81,39.44,1.31,2.38,3.69,-,-,-,-,-,-,-,-,46.4,74.8,20,27.9,125,44.7,71.0,19,29.5,185,A,41.5,-,-,-,-,-,-,-,-,-,-,-,-,A,4.39,32.64,9,175.960,10.930,97.270,130.980,1.585,0.951,0.852,-31.27,8.29,33.71,1066.95,17795.86,12355.19,39771.97,34266.95,279.29,89.66,2.73,1.04,-,50.61,-,0.38,0.04,3.94,26.07,229.98,2118.53,45367.35,40070.99,130350.05,76655.23,1496.05,186.19,24.81,-,7.69,323.21,1.13,-,0.45,12.92,-,-,-,20.04,21.49,0.3774,-,-,-,-,-,-,-,-,-,-,-,-,-,-,-,-
RIL150,1,18.90,5.80,1.90,7.70,19.90,5.70,1.90,7.60,24,6.2,2,8.2,462,2.21,13.38,1.89,58.75,55.25,3,8,27.75,30.53,3,33.75,2.21,24.60,1.48,2.68,99.99,47.00,47.00,8.70,4.90,4.90,99.70,7.70,4.85,5.34,6.59,4.10,7.12,6.50,16.38,2.60,1.42,14.61,3.86,36.35,19.00,7.80,1.64,14.75,37.20,18.20,0.40,1.67,15.13,2.07,2.20,5.07,17.33,18.07,8.20,2.03,15.66,38.93,20.87,1.27,1.13,20.20,2.40,12.20,4.00,32.40,22.37,8.51,33.70,1.82,27.38,0,0,-,316.8,0,69.7,89.3,3.9,29.9,5.7,25.3,0,0,102,0.54,0.64,0.29,0.34,550,245,1084.7,20.2,0.25,0.19,344.6,62,1435,936.5,41.9,0.09,0.19,0.5,0,7,77.94,0,26.5,177.5,12.1,0,65.8,50.48,611.1,95.3,67.21,1003,20.23,278.9,11.19,824,0,0,0,102.1,111.3,0.93,0.81,0.22,0.57,429,3537,1016.3,48.9,0,-,1.00,0.75,0.75,1.17,0.75,4.25,0.58,19.27,98.38,100.00,98.54,100.00,100.00,10.22,-,-,-,-,-,-,-,-,-,-,-,-,-,69.91,-,21.68,45.3,8,2.77,15.08,32.96,17.66,19.48,26.46,0.8843,23.33,2.729,23,2.996,6.32,1.65,-,-,0.05,0,0.08,0.05,0.08,0.13,1.18,0.73,0.68,0.05,0.88,0.13,0.88,0.5,0.5,22.06,8.63,26.69,1.63,1.44,3.06,31,29,27.50,22.00,8,8.5,6.50,5.50,41.6,45.3,10,34.8,114,40.4,46.4,9,43.5,222,A,80.9,11.88,0.98,85.5,103.90,78.80,0.92,25.81,-,-,-,-,-,B,15.71,94.50,9,145.990,3.210,80.210,116.580,1.872,0.909,0.642,-31.68,7.93,43.39,714.31,16373.62,10742.18,50251.70,35919.47,209.57,91.61,2.03,1.46,1.34,86.87,0.19,0.66,0.54,4.81,26.34,189.03,734.12,43130.69,53754.40,119459.69,85259.67,1470.36,226.38,27.44,10.77,3.89,231.13,0.60,0.74,0.97,20.43,73.16,6.10,446.28,17.41,19.11,0.3322,1,25.23,A,S,14.02,15.39,22.02,16.57,7.99,1.18,0.27,0.24,0.14,0.20,-0.12,-0.04
RIL151,1,23.40,8.40,2.70,11.10,25.00,7.60,2.50,10.10,38.1,12.9,4,16.9,492.8,2.45,13.17,2.22,56.5,50.5,5.75,7.6,43.25,35.7,3.25,32.25,2.45,19.00,1.71,3.17,83.00,37.00,44.60,6.00,4.70,4.90,99.30,7.50,5.33,5.33,7.64,4.09,7.32,5.63,16.05,1.90,1.33,14.82,1.78,19.61,21.36,7.79,1.96,13.24,39.64,18.29,0.07,2.50,12.43,2.57,0.36,3.64,12.79,25.36,10.64,2.35,15.89,48.46,23.08,3.93,0.57,18.71,4.50,17.50,3.00,36.21,19.08,17.87,42.94,3.11,51.00,789.8,399,1.39,833.2,0,52.5,250,15.8,52.7,28.8,57.8,567.7,0,790,0.78,0.88,0.58,0.94,1821,568,124.3,32.7,0.17,0.13,271,163,1903,831.1,22.7,0.11,0.13,0.49,0,19.9,84.81,0,0,0,0,0,50.9,68.47,820.6,142.3,0,71.8,32.66,220.1,94.68,1083,0,0,0,0,446.5,0.58,0.81,1.38,0.57,1553,4438,918.6,42.6,44.4,-,3.50,1.75,1.00,1.50,1.75,3.00,0.75,0.00,1.63,16.56,87.38,100.00,99.00,51.58,-,-,-,-,-,-,-,-,-,-,-,-,-,90.00,-,-,45.4,,,,,,,,,,,,,6.335,1.645,-,-,0,0,0.08,0.08,0.08,0.38,2.18,1.38,1.31,0,1,0.5,1.88,0.63,1,23.81,12.75,31.00,1.88,1.75,3.63,-,-,-,-,-,-,-,-,44.0,70.5,18,44.1,255,47.3,73.6,20,40.3,433,B,-,9.39,0.74,81.9,112.04,75.97,0.94,-,-,-,-,-,-,A,14.10,18.59,11,143.130,4.270,71.560,121.330,3.555,0.711,0.711,-32.32,7.82,56.39,715.24,18667.80,8967.40,51384.06,42978.87,203.58,99.43,1.90,1.55,1.68,78.29,0.13,0.48,0.44,4.48,29.46,275.50,922.77,43917.80,44430.41,87644.64,93550.99,1171.12,199.61,24.20,19.07,6.59,252.71,0.79,1.23,0.87,23.74,102.31,5.10,521.78,15.60,26.83,0.3969,1.75,54.13,A,-,-,-,-,-,-,-,-,-,-,-,-,-
RIL153,1,21.71,6.29,2.43,8.71,23.90,6.00,3.00,9.00,43.13,18.63,7.13,25.75,485.3,2.27,12.82,1.80,64.75,59.75,4.75,8.7,40.50,26.28,4.25,44.5,2.27,17.90,1.86,2.74,99.99,48.00,48.00,8.70,4.90,4.90,97.90,7.00,4.48,6.19,6.65,4.54,6.41,6.74,14.74,2.30,1.18,9.69,1.99,10.30,21.13,7.47,1.73,8.28,39.00,17.87,0.40,2.53,15.27,2.93,2.20,5.73,17.47,24.07,10.73,1.99,9.02,45.27,21.20,3.33,1.07,19.60,4.40,20.60,5.07,40.20,21.39,15.49,43.01,3.19,43.42,0,0,-,869.7,0,50.9,133.7,0,42.4,37.6,77.2,0,0,392,0.82,0.91,1,0.92,1433,0,132.1,38.6,0.22,0.1,155.2,141,1465,663,61,0.2,0.31,0.48,0,15.8,131.08,0,0,0,0,17.47,15.8,83.32,368.9,149.5,0,81.2,21.13,139.4,57.97,1096,0,0,0,392.5,414.1,0.61,0.9,0.7,0.75,572,3362,795,76.8,0,158.10,3.00,1.75,0.75,1.33,1.50,3.00,0.58,12.92,58.18,98.44,99.68,100.00,100.00,14.91,12.82,11.04,8.02,4.71,1.78,3.02,6.33,66.31,133.83,175.19,66.31,67.53,108.88,85.00,-,-,44.3,,,,,,,,,,,,,6.13,1.92,80.52,58.72,0.35,0.18,1.08,0.33,1.8,2.23,2.23,1.5,1.98,2.23,1.5,2.25,2.3,1.95,2.17,24.20,8.13,21.87,1.53,2.27,3.80,-,-,-,-,-,-,-,-,46.3,68.3,13,31.4,183,43.9,70.1,15,31.8,328,A,57.8,-,-,-,-,-,-,-,-,-,-,-,-,A,19.62,5.64,5,156.120,13.780,62.760,118.880,0.612,0.408,0.663,-31.97,6.58,69.10,801.51,18533.86,7855.47,59136.64,42032.07,212.78,96.95,1.89,1.61,1.65,87.69,0.12,0.24,0.20,3.27,25.95,246.94,1973.24,40708.64,29474.59,130137.19,98219.40,1427.76,203.03,20.00,14.27,35.35,305.22,0.68,2.17,0.40,16.09,10.97,3.78,41.41,17.77,23.07,0.3991,3,46.56,A,-,-,-,-,-,-,-,-,-,-,-,-,-
RIL154,1,18.20,4.80,2.50,7.30,19.30,4.80,1.90,6.70,22.9,5.6,2.6,8.2,513.8,3.17,12.72,1.94,48.25,45,3.25,7.7,25.25,29.67,3.75,29.33,3.17,20.80,2.02,3.85,99.99,96.00,96.00,8.70,6.80,6.80,100.00,8.70,4.85,8.39,6.13,5.79,6.60,6.95,16.39,2.80,1.23,14.62,2.20,21.30,18.79,7.50,1.94,14.92,36.93,18.14,0.50,2.07,13.50,2.57,2.36,4.86,15.86,17.69,7.54,2.06,14.38,37.85,20.15,2.31,0.23,15.15,2.54,22.77,3.85,37.92,25.78,11.82,48.63,2.51,36.48,0,0,-,852.5,0,0,67.2,0,28.4,27.9,65.4,0,0,333,0.83,0.93,1,1,1573,0,1.9,16.9,0.21,0.07,114,64,1452,366.4,32.3,0.31,0.2,0.48,0,13.6,120.38,0,0,0,0,0,19.3,34.65,535,113.7,0,1.9,16.92,94.8,29.47,917,0,0,0,333.3,606.9,1,0.83,0.85,0.63,414,3237,485.6,45.9,0,83.94,0.15,0.00,0.15,2.08,1.50,4.75,1.08,6.18,70.72,90.97,99.70,100.00,100.00,16.31,13.00,10.71,8.92,4.21,2.29,1.80,6.50,92.52,104.72,135.30,92.52,12.20,42.78,61.94,-,21.76,44.3,7.05,2.75,20.66,31.49,16.18,18.21,26.59,0.6864,23.16,1.788,23.76,1.76,6.97,1.765,82.52,63.87,0.42,0.41,0.82,0.76,0.83,1.52,2.68,2.85,2.34,0.76,3.55,1.51,2.94,3.7,2.72,20.69,8.38,27.25,1.06,1.88,2.94,30.5,33.5,30.00, -,7.5,5.5,11.00, -,45.8,45.6,9,36.8,160,50.3,41.6,8,45.1,255,A,50.2,12.12,1.03,87.2,110.46,84.69,0.97,23.24,28.99,23.10,5.75,0.14,5.89,B,19.39,77.96,8,135.780,14.220,62.750,124.020,1.520,1.225,0.980,-32.18,8.86,53.17,586.34,18109.86,8278.33,40500.80,44777.65,232.15,95.92,1.74,1.66,1.46,76.84,0.20,0.41,0.72,4.36,28.89,187.50,565.57,33941.85,47050.06,78770.35,85260.91,1214.78,240.67,22.22,10.18,6.70,326.15,0.97,0.73,1.22,28.72,19.99,5.18,103.45,13.29,26.91,0.3683,0,27.52,A,S,21.78,12.86,29.42,16.14,7.64,3.27,0.19,0.23,0.11,0.18,-0.09,-0.05
RIL155,-1,24.20,7.90,3.40,11.30,34.10,15.90,5.60,21.50,71.75,40.33,8,48.38,479,1.93,11.57,2.10,49.5,47.5,1.25,27.7,41.00,23.8,10.75,45.25,1.93,24.20,0.25,0.19,82.00,0.01,0.00,5.90,1.30,1.30,85.60,6.10,2.66,4.20,5.40,3.76,3.78,4.62,13.21,2.90,1.33,12.85,1.08,0.00,31.60,11.53,1.45,6.05,51.73,20.13,0.07,3.27,12.60,3.33,0.13,3.14,12.73,47.20,19.33,1.62,8.46,75.53,28.33,2.13,1.87,18.13,4.00,12.93,1.71,31.07,13.99,10.94,15.21,2.77,22.99,830.9,287,0.49,358,285.3,0,100.8,3,21.7,11.9,23.7,1701.8,513.4,831,0.54,0.76,0.33,0.49,875,1702,926.4,67,0.29,0.15,297.3,167,1681,862.4,66.7,0.13,0.09,0.45,23.87,9.5,106.67,0,0,0,0,22.49,23.6,82.6,419.1,106,0,211.4,44.48,273.7,84.85,1262,0,429.8,0,0,124,0.23,0.92,1.03,0.75,2767,4419,974.3,76.2,55.6,75.00,0.75,0.00,0.15,0.18,0.00,1.00,0.08,0.00,0.72,28.42,96.63,96.78,99.38,48.48,-,-,-,-,-,-,-,-,-,-,-,-,-,100.00,-,24.26,43.5,6.62,3.34,16.3,27.24,21.53,20.19,26.62,0.5774,24.64,1.711,24.96,1.189,5.17,1.7,124.29,18.58,1.25,1.25,1.68,1.65,1.68,1.8,2.2,2.15,2.05,1.7,2.5,1.9,1.9,1.55,1.78,34.81,11.19,22.31,1.31,4.63,5.94,45,40.5,18.00,18.00,13,7.5,6.00,6.00,39.8,81.0,22,22.0,135,40.1,82.7,21,23.2,191,A,62.4,3.73,0.34,81.4,105.18,64.57,0.94,26.72,31.39,23.90,4.67,2.82,7.49,A,2.27,26.27,6,221.500,25.000,32.000,150.000,6.050,0.500,0.800,-30.78,6.56,56.34,1045.38,17430.29,8133.74,54189.09,37740.05,222.97,99.79,2.18,1.68,1.49,89.22,0.09,0.47,0.12,4.27,27.07,235.23,1801.83,37548.99,26276.31,93331.06,77294.56,1688.95,186.24,18.29,11.30,8.06,411.67,0.70,3.40,-0.06,26.15,18.84,5.35,100.79,13.95,24.24,0.3064,-,-,A,R,9.75,13.73,15.92,17.63,6.17,3.90,0.34,0.23,0.15,0.21,-0.19,-0.03
RIL158,1,18.44,4.78,2.11,6.89,21.00,5.75,2.88,8.63,24.8,6,3.2,9.2,546,3.73,8.8,1.91,49.25,26.5,22.75,8.8,25.75,26.65,4.25,58.25,3.73,18.10,1.56,3.72,99.00,97.00,98.00,7.30,6.90,7.00,100.00,8.70,6.61,8.41,10.23,4.71,8.72,7.92,14.12,3.60,1.25,16.07,1.89,17.91,20.40,8.47,1.64,9.63,50.13,29.73,1.53,1.33,30.93,2.87,16.00,6.23,46.93,19.60,8.60,1.96,9.07,44.20,24.60,1.93,1.27,26.47,3.20,23.67,4.80,50.13,14.04,10.82,32.69,2.07,32.80,430.8,232,0.31,361.7,331.4,0,94.3,2.9,21.5,21.7,12.6,1390.5,527.9,431,0.45,0.76,0.24,0.47,879,1391,1010.4,28.1,0.29,0.15,295.1,69,1742,460.9,21.4,0.17,0.05,0.45,0,11.4,78.92,0,42.5,0,0,0,58.3,28.47,769.8,111.6,0,346.5,28.1,236.8,40.98,972,0,332.5,0,0,131.5,0.34,0.8,1.44,0.56,1919,4573,540,32.9,54,113.10,3.50,1.00,1.00,1.27,1.00,5.00,1.17,1.92,17.05,56.10,98.65,95.72,98.52,33.13,12.40,10.87,7.63,5.72,1.53,3.24,5.15,134.17,170.11,180.00,134.17,35.94,45.83,35.00,-,-,43.3,,,,,,,,,,,,,8.555,2.09,77.86,31.99,1.02,1.03,1.46,1.3,1.6,1.91,1.4,1.31,1.54,2.1,1.44,2.73,0.89,1.86,1.82,22.07,9.13,22.33,1.33,2.87,4.20,-,-,-,-,-,-,-,-,45.1,41.6,9,38.9,144,43.1,39.8,9,38.5,142,A,71.3,-,-,-,-,-,-,-,-,-,-,-,-,B,20.04,19.38,5,141.710,4.570,70.860,143.430,1.429,0.743,1.086,-31.8,9.85,62.82,774.25,17976.81,8599.64,50684.83,41200.32,244.01,94.24,1.89,1.33,1.51,78.55,0.25,0.41,0.17,4.11,28.30,193.24,556.40,35872.16,47397.67,72415.01,74644.25,1126.05,150.11,17.02,9.30,7.50,435.00,1.24,1.23,0.13,29.61,135.73,8.83,1197.82,14.56,21.97,0.2935,0,41.44,-,-,-,-,-,-,-,-,-,-,-,-,-,-
RIL162,-1,19.80,4.90,1.90,6.80,21.20,5.40,1.90,7.30,24,5.5,2.9,8.4,516,2.56,9.77,1.82,51,42.75,5.75,7.8,20.50,15.15,4,33.33,2.56,22.00,0.79,0.36,99.99,11.00,11.00,8.70,3.80,3.80,99.60,7.70,4.04,5.09,5.95,3.86,5.38,4.01,14.14,3.10,0.88,9.77,2.36,16.87,20.73,7.93,1.08,6.95,44.93,24.20,1.27,1.27,22.40,2.53,12.47,5.86,34.87,19.80,8.33,1.75,7.49,42.40,22.60,2.33,0.67,22.73,3.00,30.27,4.80,53.00,14.29,9.12,32.04,2.21,25.41,762.6,268.1,-,369.7,109.2,50.7,87.6,3.2,15.9,13.8,43.5,0,0,763,0.8,0.92,1,0.85,954,0,164.8,28.8,0.26,0.07,98.6,84,1249,876.7,79.1,0.11,0.13,0.52,41.27,8,89.35,0,0,0,0,0,8.8,31.75,389.3,181.5,0,4.9,28.78,89.8,52.32,860,0,0,0,0,134.8,0.03,0.91,1.65,0.69,875,2573,969.7,87.1,33.8,87.01,0.75,0.25,0.25,1.00,0.85,2.50,0.83,14.63,81.64,100.00,100.00,100.00,100.00,12.20,8.33,7.17,4.41,2.42,1.17,2.75,4.75,156.67,166.76,176.67,156.67,10.09,20.00,-,-,21.34,44.5,7.33,2.7,17.26,28.29,21.88,19.47,25.54,0.5551,21.29,2.495,21.9,1.407,6.8,1.545,100.94,42.94,2.16,1.75,2.29,2.25,2.22,2.93,3.54,3.03,3.16,2.6,2.83,2.05,3.17,3.01,2.74,22.06,5.56,14.44,1.63,2.00,3.63,37,37, -, -,6.5,6, -, -,43.5,45.6,10,33.0,114,46.6,44.9,9,39.4,151,A,76.9,12.79,1.11,89.8,113.89,69.29,0.77,25.16,27.63,21.80,2.46,3.36,5.82,B,2.20,79.65,10,135.290,5.350,59.360,119.250,1.497,0.588,0.749,-31.92,7.61,64.32,886.07,16970.79,6826.14,47116.03,40376.79,261.33,104.25,2.08,1.30,1.36,91.51,0.14,0.27,0.21,5.15,25.94,266.82,1143.15,40259.37,33971.91,79552.86,82785.81,1356.78,224.41,18.08,10.38,10.66,341.40,1.04,0.68,0.05,27.06,27.16,4.33,117.47,15.93,22.80,0.4010,-,-,B,R,8.58,21.50,18.46,26.69,9.88,5.19,0.36,0.24,0.12,0.21,-0.24,-0.03
RIL163,1,18.20,4.90,1.40,6.30,20.30,5.40,1.50,6.90,22.44,4.67,1.56,6.22,545.8,3.21,7.35,1.62,38.75,22.75,15.75,6.7,24.25,16,4.5,27.5,3.21,17.00,2.63,4.00,99.00,78.00,78.80,7.30,5.80,5.80,98.90,7.30,6.25,8.21,7.72,5.33,8.29,7.81,15.62,3.00,0.91,8.85,1.46,9.48,20.27,7.47,1.57,6.63,37.53,17.27,0.67,0.93,14.13,1.60,4.67,6.60,18.80,18.80,8.07,1.83,6.79,39.67,20.87,0.87,1.00,16.53,1.87,12.87,5.53,29.40,17.41,11.01,26.94,2.49,33.03,0,0,-,945.5,152.6,0,119.9,3.9,30.4,36.3,80.7,0,0,280,0.86,0.92,1,0.87,1572,0,235.6,23,0.16,0.08,120.1,118,1402,532.9,46.8,0.18,0.34,0.44,0,12.8,94.64,0,0,0,0,0,11.6,44.74,407.7,170.9,0,83,22.99,108.5,72.77,995,0,0,0,279.9,455.2,0.35,0.9,1.63,0.71,420,3484,629.1,59.6,0,103.42,2.75,2.00,1.00,2.08,1.75,3.00,0.67,0.48,9.86,80.69,99.44,96.87,98.57,32.20,-,-,-,-,-,-,-,-,-,-,-,-,-,-,-,-,43.1,,,,,,,,,,,,,7.775,1.605,65.26,82.36,1.71,1.8,1.95,1.91,1.85,1.71,2.67,3.78,2.72,1.88,3.17,1.79,2.74,3.58,2.7,21.75,6.27,16.33,1.93,1.33,3.27,-,-,-,-,-,-,-,-,44.1,42.5,9,43.9,222,50.8,41.8,9,46.4,284,B,71.0,-,-,-,-,-,-,-,-,-,-,-,-,B,18.11,48.64,13,121.000,3.000,63.000,108.500,1.200,0.500,0.650,-32.65,6.01,86.62,556.47,15998.49,6445.52,44880.33,40523.28,262.65,100.26,1.76,1.45,2.00,88.43,0.19,0.32,0.29,4.07,24.12,239.44,782.37,36212.51,39957.63,73885.68,68686.58,1066.20,187.21,20.72,10.34,9.79,425.53,1.16,1.15,0.17,31.72,9.88,3.97,39.19,16.92,19.08,0.3396,1.33,38.19,-,-,14.83,16.60,20.78,22.29,5.95,5.69,0.29,0.23,0.19,0.27,-0.11,0.04
RIL165,1,18.00,4.30,2.50,6.80,19.30,5.00,2.20,7.20,22.43,5.29,2.29,7.57,529.8,3.07,9.62,1.53,41.25,32,8,7,19.75,15.5,3.75,26.75,3.07,22.00,1.60,2.58,92.00,66.00,71.70,6.40,5.40,5.60,98.10,7.10,6.44,8.10,8.93,4.74,7.16,7.91,15.22,2.10,1.18,14.53,1.48,22.09,19.27,7.73,1.45,6.14,36.40,17.13,0.20,2.67,13.93,2.87,0.93,5.73,14.87,18.07,7.93,1.85,7.43,37.20,19.13,1.60,1.27,17.07,2.87,13.73,4.80,30.80,12.21,9.73,30.16,2.26,25.32,693,465.9,-,487,95.7,57.5,0,3.3,24,17.8,52.2,0,0,693,0.83,0.93,1,0.88,1255,0,172.4,20,0.21,0.07,125.2,76,1655,259,13.5,0.27,0.12,0.55,0,10.3,91.33,0,0,0,0,0,11.2,29.46,585,116.7,0,19.2,19.98,114,46.35,1070,0,0,0,0,185.9,0.11,0.91,1.57,0.65,789,3235,350.3,23.8,34,-,3.50,2.50,2.00,1.50,2.00,3.00,1.17,0.00,13.16,63.12,76.70,75.00,87.13,44.95,-,-,-,-,-,-,-,-,-,-,-,-,-,54.17,-,-,42,,,,,,,,,,,,,9.505,1.485,-,-,0.03,0,0.03,0.03,0.03,0.08,0.08,0,0.05,0.1,0.1,0.23,0.18,0.38,0.26,21.00,6.69,15.69,0.75,2.06,2.81, -, -,18.00,18.00, -, -,5.00,5.00,48.0,39.1,8,42.0,144,45.9,38.6,8,46.0,229,A,62.1,-,-,-,-,-,-,-,-,-,-,-,-,B,12.40,78.60,8,166.330,48.980,60.200,132.650,1.378,0.663,0.765,-32.79,9.43,57.76,857.55,18161.55,7912.32,37807.07,43426.27,272.28,93.38,1.64,1.55,1.52,77.93,0.33,0.44,0.16,4.26,31.68,201.62,1015.06,42739.92,34954.62,76144.78,86917.61,1480.95,198.01,25.72,11.79,5.15,289.40,0.85,-,0.51,29.30,68.00,6.87,466.96,19.48,22.35,0.4259,3.25,83.61,-,-,-,-,-,-,-,-,-,-,-,-,-,-
RIL166,1,17.38,4.38,1.50,5.88,19.89,4.67,1.78,6.44,21.1,4.6,2.3,6.9,483.3,2.64,8.76,1.56,45.5,33.75,11,6.6,22.25,24.13,3.5,35.25,2.64,19.10,1.29,2.71,98.00,62.00,63.30,7.10,5.30,5.30,99.30,7.40,5.36,4.90,8.31,4.08,6.73,6.04,14.71,2.80,1.27,14.43,2.85,18.52,19.67,7.40,1.64,6.70,36.93,17.27,0.40,1.60,13.60,2.00,1.87,6.00,15.47,17.79,7.57,1.60,7.55,36.00,18.21,1.14,1.29,15.93,2.43,10.36,6.21,26.29,22.52,14.76,32.61,2.45,42.31,0,0,-,983.1,0,0,79.7,3.4,40.8,36.8,89.3,0,0,497,1,0.9,1,0.98,2378,0,45.8,0,0,0.11,221.6,39,1737,62.8,21.6,0.38,0.07,0.44,0,16.4,52.13,0,0,0,0,0,36.1,37.87,610.3,124.4,0,11,0,185.5,0.98,1127,0,0,34.8,496.7,1270,0.24,0.84,0.03,0.65,536,4506,114.9,38,0,-,3.00,2.00,1.00,1.17,1.00,3.00,0.92,1.75,38.99,99.51,100.00,100.00,100.00,21.42,-,-,-,-,-,-,-,-,-,-,-,-,-,10.00,-,23.52,40.9,7.36,3.05,16.54,27.68,21.65,18.41,,,23.85,2.64,,,5.425,1.415,-,-,1.84,1.46,1.69,1.63,1.72,1.57,0.52,0.27,0.79,1.37,0.31,1.3,1.12,0.46,0.96,21.73,6.93,15.60,0.67,1.93,2.60,30.5,29,18.00,25.00,6,5,5.00,6.00,44.6,38.0,7,41.5,116,53.0,38.6,7,51.8,219,A,52.9,10.36,1.04,97.7,92.88,106.87,1.10,30.02,28.08,24.56,-1.94,5.46,3.53,B,-,22.62,13,168.910,7.250,63.730,118.130,0.674,0.674,0.881,-32.32,9.22,71.68,877.47,15774.36,7055.76,43182.00,36144.52,258.25,91.49,1.82,1.25,1.32,85.73,0.21,0.58,0.16,5.12,31.49,345.49,1205.74,36897.74,39436.63,101026.38,91482.04,1423.12,173.82,15.72,10.27,4.81,359.03,0.99,-,0.24,25.60,135.33,8.73,1180.75,15.51,22.04,0.3406,0.5,32.64,A,-,18.74,15.20,23.97,18.29,5.23,3.10,0.24,0.23,0.13,0.20,-0.10,-0.04
RIL167,1,17.10,4.70,1.70,6.40,18.90,4.80,1.50,6.30,21.57,5,1.43,6.43,501,3.09,8.94,1.88,42.25,32,8.75,6.5,20.25,19.13,3.75,38.75,3.09,17.70,2.26,5.18,99.99,73.00,73.00,8.70,5.60,5.60,100.00,8.70,5.85,5.04,5.78,3.74,6.95,4.57,13.37,2.20,1.41,14.85,2.54,19.09,19.20,6.87,1.58,7.29,38.07,18.87,0.87,1.13,17.40,2.00,6.13,5.93,23.53,18.21,7.57,1.73,7.69,38.93,20.71,1.43,0.64,18.50,2.07,11.79,5.14,30.29,19.58,9.24,30.55,1.98,33.45,0,0,-,1010.2,0,0,96.3,4,52.8,36.9,44.7,0,0,572,0.84,0.91,1,0.99,1465,0,8.7,9.8,0.19,0.1,221.1,41,2061,450.4,48.8,0.11,0.08,0.58,0,16.9,47.52,0,0,0,0,0,35.4,32.71,788.6,0,0,8.7,9.77,185.8,8.1,1272,0,0,0,572.3,455.1,1,0.84,0.25,0.62,623,3909,500.1,65.7,0,108.94,3.50,2.00,2.50,3.17,3.00,4.00,1.17,0.00,11.54,75.07,100.00,100.00,100.00,31.99,12.78,9.96,5.93,3.25,2.82,4.03,6.71,149.17,176.33,178.00,149.17,27.17,28.83,0.00,-,22.11,41.1,8.15,2.9,13.76,28.44,23.65,18.67,23.46,0.5297,22.79,2.356,23.37,4.027,5.425,1.49,49.64,42.25,1.62,1.13,1.36,1.36,1.36,0.83,1.77,2.68,1.76,1.31,2.37,1.19,2.22,2.21,1.87,20.19,5.50,14.06,1.31,1.63,2.94,32,27,18.00,22.00,6,5,6.00,5.50,41.8,42.5,8,37.8,119,43.4,41.5,7,41.8,146,B,-,8.68,0.84,95.6,87.72,96.45,1.01,24.25,32.01,21.94,7.76,2.32,10.07,B,13.36,52.77,8,139.420,2.880,78.370,119.230,1.298,0.769,1.442,-31.96,7.42,86.92,577.78,16059.37,9149.63,44384.08,37668.79,254.39,88.70,1.85,1.37,1.52,81.82,0.27,0.44,0.15,4.58,30.77,292.77,1150.17,43261.71,38750.99,77393.02,80014.21,1241.81,182.15,18.88,9.82,2.26,267.01,1.07,-,0.03,25.98,48.84,5.05,246.64,16.93,20.52,0.3681,0,38.85,A,S,13.18,19.03,23.38,21.72,10.20,2.69,0.30,0.25,0.10,0.20,-0.20,-0.04
RIL168,-1,20.20,5.60,2.30,7.90,23.67,7.33,2.78,10.11,36.2,12.9,5.9,18.8,536,3.34,14.53,2.17,61,40,20.25,11.4,42.00,36.88,5,47,3.34,22.10,0.98,0.52,99.99,16.00,16.00,8.70,4.00,4.00,98.40,7.20,4.91,7.74,7.99,4.95,6.58,6.87,16.60,3.30,1.43,14.96,2.90,16.78,22.13,8.07,1.95,17.41,42.67,20.53,0.73,2.21,18.60,2.80,5.40,4.33,24.00,21.93,9.27,2.37,16.22,43.60,21.67,1.87,2.00,19.20,3.87,13.80,3.71,33.00,18.87,13.16,37.32,1.93,41.31,0,0,-,430.5,0,70.6,134.5,0,29.6,13.3,0,0,0,257,0.54,0.6,0.36,0.29,677,452,1653.1,22.1,0.31,0.2,362.9,49,1500,280.1,61,0.22,0.09,0.43,0,8.2,64.04,0,26.9,418.6,80.4,0.87,69.7,47.65,633.2,0,33.56,1502.1,21.19,293.2,1.75,867,0,0,0,256.7,220,0.91,0.81,0.04,0.58,780,4358,344.8,69.1,0,65.66,3.00,2.00,1.00,0.62,0.00,2.50,0.17,4.03,84.29,100.00,100.00,100.00,100.00,13.93,-,-,-,-,-,-,-,-,-,-,-,-,-,52.50,-,-,42.2,,,,,,,,,,,,,6.08,2.735,81.65,60.53,3.2,2.93,2.56,2.59,2.54,2.31,1.63,0.97,1.63,2.07,0.95,2.31,2.31,1.68,2.1,26.31,13.31,29.19,1.75,2.25,4.00,-,-,-,-,-,-,-,-,40.5,47.0,11,35.1,171,45.1,51.0,13,35.0,213,B,49.3,14.89,1.26,86.8,127.27,88.79,1.02,-,-,-,-,-,-,B,2.32,50.75,6,208.250,9.790,54.640,126.800,1.031,0.567,0.876,-32.54,6.46,65.99,778.24,16266.55,9067.24,57104.83,36032.82,212.11,88.34,1.96,1.41,2.07,98.43,0.20,0.67,0.67,3.99,20.98,251.22,1002.49,42384.18,37729.84,143812.09,83530.47,1081.77,207.46,19.99,10.98,14.81,371.79,0.91,1.14,2.41,21.41,19.86,3.20,63.55,13.73,24.66,0.3235,0,14.50,A,-,20.73,11.52,27.71,16.02,6.99,4.50,0.22,0.24,0.16,0.21,-0.07,-0.03
RIL170,1,25.50,9.10,3.00,12.10,26.00,8.80,2.90,11.70,49.5,21.67,6.33,28,467.3,2.01,10.23,1.92,59.75,53.25,6,10.4,36.50,20.25,4.5,40.5,2.01,22.10,1.01,0.51,98.00,12.00,12.20,7.10,3.80,3.80,98.40,7.20,2.67,3.48,4.96,3.18,4.38,5.16,12.50,2.20,1.06,10.02,2.26,12.39,23.20,9.73,1.65,6.51,41.60,18.40,0.33,1.60,15.40,1.93,2.07,5.73,17.47,28.57,13.07,1.69,6.71,52.14,23.57,2.50,1.43,16.71,3.93,14.07,3.64,30.79,17.87,12.92,30.37,3.23,36.23,563.6,341.3,-,531.4,116.1,0,100.8,3.8,17.7,18.4,42.1,0,0,564,0.88,0.91,1,0.88,1180,0,159.9,25.3,0.13,0.09,146.5,163,1553,853.2,75.6,0.16,0.25,0.54,111.93,10.4,97.44,0,0,0,0,0,13.7,55.85,446.2,135.4,0,43.8,25.32,132.8,107.11,1106,0,0,0,0,171.8,0.27,0.91,1.92,0.71,752,3161,953.8,86,34.4,93.88,1.25,0.50,0.75,0.42,0.60,0.60,0.18,0.00,9.56,73.34,99.46,100.00,100.00,33.89,11.40,9.83,7.26,3.56,1.57,2.57,6.27,165.56,176.19,177.50,165.56,10.63,11.94,-,-,-,39.4,,,,,,,,,,,,,5.16,-,59.49,86.05,0.3,0.1,0.23,0.23,0.2,0.25,0,0,0.08,0.33,0,1.38,0.25,0,0.54,26.56,7.19,15.56,2.50,2.44,4.94,-,-,-,-,-,-,-,-,39.8,80.0,22,28.0,134,41.1,78.4,19,28.4,243,A,64.5,-,-,-,-,-,-,-,-,-,-,-,-,A,3.16,10.28,9,197.010,4.980,49.250,148.260,0.498,0.498,0.647,-32.33,7.47,67.29,908.61,18699.42,7690.48,60027.65,39803.01,209.88,96.30,1.91,1.52,1.68,88.37,0.13,0.45,0.21,4.00,23.03,302.30,1964.74,45303.78,31080.28,148832.09,93559.70,1344.74,204.83,16.62,11.46,16.38,318.14,0.88,-,0.27,15.81,69.42,5.47,379.52,15.97,15.46,0.2671,0,15.82,A,-,-,-,-,-,-,-,-,-,-,-,-,-
RIL172,1,22.78,7.67,2.44,10.11,24.40,7.40,2.70,10.10,30.22,9.56,3.11,12.67,486,2.35,13.28,2.10,61,59.75,1.25,10.2,38.25,38.5,3.75,40.5,2.35,15.40,1.75,5.38,99.99,62.00,62.00,8.70,5.30,5.30,98.60,7.20,5.90,7.38,8.38,4.04,7.79,6.58,15.17,2.80,0.96,10.51,1.57,14.35,22.13,8.80,1.39,12.82,39.33,17.20,0.27,2.07,14.87,2.33,1.13,5.13,16.00,21.53,9.33,1.77,14.57,45.67,24.13,1.53,1.13,21.33,2.67,13.67,4.53,35.00,21.84,11.95,35.67,2.31,36.28,0,0,-,258.4,0,71.2,112.1,0,21.9,7.1,12,0,0,60,0.52,0.65,0.22,0.24,332,207,1039.9,17.6,0.2,0.13,161.4,69,1097,504.6,107.1,0.22,0.25,0.46,0,19.3,96.63,0,0,119.8,1.9,0,32.6,50.18,460.3,0,86.99,966.8,17.64,128.8,18.43,637,0,0,0,59.6,73.8,0.93,0.8,0.37,0.58,353,2765,596.8,126.4,0,114.06,2.75,1.50,1.25,1.17,2.00,4.25,0.83,0.00,25.85,93.55,100.00,100.00,100.00,25.89,16.34,13.40,11.43,7.29,2.94,1.97,6.12,166.11,155.24,175.19,166.11,0.00,9.07,-,-,-,44.9,,,,,,,,,,,,,4.6,1.635,85.18,71.18,0.75,0.42,0.61,0.69,0.28,1.04,2.06,0.91,1.34,0.76,2.04,1.09,1.54,1.25,1.29,25.50,12.69,34.75,1.38,2.31,3.69, -, -,25.00,28.00, -, -,8.00,7.00,42.8,51.3,13,36.0,216,43.6,49.0,12,33.9,188,A,77.5,-,-,-,-,-,-,-,-,-,-,-,-,B,15.51,12.92,13,113.610,1.570,75.920,126.700,1.152,0.681,0.785,-31.97,6.66,59.70,717.85,15928.92,7228.92,60000.57,34847.85,204.20,100.53,1.90,1.51,1.70,104.60,0.40,0.24,0.51,5.25,19.94,294.35,681.55,41272.14,36878.85,93461.55,70276.14,1374.76,249.38,24.55,9.90,5.01,291.74,0.72,-,1.32,20.91,22.37,4.18,93.39,14.14,19.91,0.2982,2.33,67.47,-,-,-,-,-,-,-,-,-,-,-,-,-,-
RIL173,1,19.56,5.11,2.11,7.22,21.70,5.80,1.80,7.60,26,6.8,2.2,9,495.3,3.12,14.13,1.80,53.5,46.25,6.75,7.7,28.75,31.83,2.5,26,3.12,19.90,1.98,2.90,99.99,15.00,15.00,8.70,4.00,4.00,99.50,7.60,6.45,6.04,8.27,4.67,8.21,8.61,15.47,3.20,1.04,11.34,1.55,9.00,19.33,6.67,1.63,14.26,37.60,18.27,0.20,1.53,12.00,1.73,0.93,3.47,12.93,18.07,7.87,2.06,14.97,39.93,21.87,0.47,1.47,15.40,1.93,4.00,2.71,19.40,25.94,17.40,44.92,3.15,48.96,713.7,365.1,-,515.3,0,51.7,110,3.1,46.1,18.8,20.4,0,0,714,0.88,0.93,1,0.94,1205,0,75.6,17.9,0.14,0.08,143.4,113,1732,664.6,58.9,0.03,0.16,0.57,0,18.2,10.2,0,0,0,0,0,23.4,59.18,648.5,139.8,0,23.9,17.95,120,53.85,1083,0,0,0,0,185.2,0.32,0.84,0.91,0.63,845,3315,691.6,77.2,38.4,-,-,-,-,-,-,-,-,0.00,0.00,21.82,98.28,99.32,100.00,49.12,13.42,11.69,9.76,5.07,1.73,1.94,6.63,146.30,169.17,178.57,146.30,22.87,32.28,-,-,22.39,41.1,6.82,2.72,18.33,29.71,16.89,20.11,25.85,0.4461,22.58,2.513,22.2,1.752,-,-,-,-,3.43,3.43,3.57,3.71,3,3.43,3.29,2.86,3.19,3.71,3.29,3.71,3.57,3.14,3.48,22.31,10.81,31.56,0.44,1.81,2.25,34,34, -, -,5.5,6, -, -,44.8,40.1,8,35.8,164,52.4,39.5,8,48.6,269,A,54.1,24.35,2.34,98.9,98.32,98.85,0.99,25.54,27.25,23.15,1.71,2.39,4.10,B,18.60,9.36,10,152.630,3.160,71.580,124.740,0.895,0.579,0.737,-32.16,6.53,65.99,721.30,15942.33,7478.00,60298.46,35565.87,227.97,99.02,1.68,1.31,1.87,93.69,0.18,0.63,0.67,4.49,15.43,281.44,960.62,43185.06,46873.08,182838.79,97077.56,1098.26,240.62,20.17,12.10,13.70,316.22,0.76,0.89,3.00,16.37,63.11,6.23,392.86,14.64,18.81,0.2855,0,55.40,A,R,18.14,14.07,24.92,18.47,6.78,4.40,0.19,0.24,0.10,0.20,-0.09,-0.04
RIL175,-1,20.40,4.70,2.10,6.80,21.20,4.90,2.00,6.90,23.5,4.8,2,6.8,513.8,2.58,13.83,1.92,60.75,58.25,2.25,7.2,28.50,37.15,3.75,32.25,2.58,16.70,2.44,4.20,53.00,39.00,73.60,5.10,4.70,5.60,100.00,8.70,5.84,6.43,9.96,4.70,7.17,7.61,17.34,3.40,0.85,9.61,1.59,10.17,19.87,7.93,1.89,14.69,38.20,18.33,0.40,1.33,14.93,1.73,1.40,4.87,16.33,20.33,8.27,2.25,14.87,43.33,23.00,1.40,0.73,17.60,2.13,13.73,3.33,31.33,26.03,16.64,45.55,3.42,48.23,0,0,-,752.2,0,0,89.9,3.3,30.2,23,39.6,0,0,271,0.83,0.92,1,0.98,1199,0,21,15.5,0.21,0.09,149.1,60,1606,486.9,71.3,0.17,0.22,0.57,0,21.2,75.33,0,0,0,0,0,15.4,19.87,453.7,114.9,0,21,15.49,133.7,39.79,1152,0,0,0,271.3,331.8,1,0.9,2,0.72,346,3099,559.4,92.6,0,83.31,0.50,0.00,0.15,0.75,0.50,2.75,0.37,0.00,1.19,11.53,98.68,100.00,100.00,50.20,15.21,12.35,11.40,7.01,2.86,0.94,5.34,155.04,169.58,180.00,155.04,14.54,24.96,-,-,-,43.5,6.48,2.93,17.45,26.79,22.52,20.26,26.03,0.7678,21.48,1.673,21.99,1.328,4.52,2.235,66.9,65.53,0.5,0.07,0.31,0.34,0.22,0.57,0.86,0.65,0.69,0.43,0.54,0.5,0.65,0.5,0.55,22.00,9.29,33.36,1.00,1.50,2.50,31,31,25.00,22.50,7.5,7,6.00,5.50,40.1,39.3,8,36.8,129,41.8,39.9,9,39.9,169,A,73.0,9.94,0.89,86.2,123.27,78.30,0.91,23.53,25.82,21.44,2.29,2.09,4.38,B,21.19,95.95,9,142.160,12.250,66.180,118.140,0.784,0.490,0.686,-31.28,8.16,60.00,909.38,17934.10,6015.68,49146.85,40771.40,229.30,92.16,1.74,1.46,1.74,71.61,0.15,0.31,0.55,4.88,23.99,280.76,703.14,40430.58,39390.57,92389.18,80099.13,1319.31,217.84,23.22,12.08,13.31,381.79,0.83,2.46,1.54,34.84,23.49,3.00,70.47,12.62,19.45,0.2741,0,31.21,A,R,19.75,13.07,26.41,17.05,6.66,3.98,0.18,0.23,0.09,0.17,-0.08,-0.06
RIL18,1,23.33,6.67,2.89,9.56,25.30,7.30,3.60,10.90,48.3,19.5,8.5,28,517.5,2.55,12.07,1.71,56,53,1.75,8.67,37.00,24.05,4,42.5,2.55,13.80,1.59,3.06,98.00,5.00,5.10,7.10,3.40,3.40,99.60,7.60,3.85,5.34,5.70,3.94,4.56,5.19,12.64,2.80,1.17,10.42,1.85,4.61,22.33,8.33,1.57,8.43,39.40,17.07,0.47,2.53,15.00,3.00,4.13,6.40,19.13,26.50,13.07,1.93,8.76,50.64,24.14,4.07,1.29,22.07,5.36,19.50,3.00,41.57,17.80,17.10,28.38,3.04,51.53,354.7,244.2,0.34,362.9,298.9,0,83.6,4,10.9,19,35,1040.9,477.9,355,0.46,0.74,0.25,0.44,985,1041,1258.8,49,0.3,0.15,301.8,113,1652,615.7,34.8,0.13,0.1,0.41,14.67,12,81.58,0,51.7,0,0,16.37,43.3,49.3,645.1,143.9,0,539.1,32.61,258.5,63.73,1007,0,420.8,0,0,181.9,0.43,0.86,1.29,0.61,1558,4773,700.5,46.8,51.5,89.30,4.00,3.00,2.00,1.00,0.75,3.50,0.75,33.44,54.06,84.31,95.83,95.31,99.49,13.81,9.99,8.22,6.85,2.92,1.77,1.38,5.31,67.22,113.57,153.50,67.22,46.35,86.28,33.06,-,-,43.4,,,,,,,,,,,,,8.18,1.34,58.29,48.99,1.13,0.09,0.86,1.26,0.46,0.74,0.95,0.7,0.8,0.75,1.63,0.5,1.08,0.84,0.8,24.06,8.69,18.50,1.50,2.50,4.00,-,-,-,-,-,-,-,-,44.5,71.4,17,29.4,163,42.8,69.0,19,29.5,239,A,61.7,-,-,-,-,-,-,-,-,-,-,-,-,A,16.98,90.18,19,93.410,6.590,74.730,116.870,1.099,0.571,0.857,-32.21,7.87,70.16,741.49,19586.14,7188.36,51789.63,43244.43,201.71,107.67,1.53,1.68,2.67,85.23,0.19,0.25,0.14,3.46,54.53,336.52,1957.81,53657.63,38235.04,107472.83,81109.97,1727.50,239.72,29.55,-,5.86,258.23,2.01,-,-,18.80,13.31,5.63,74.98,16.12,23.43,0.3773,2.5,29.91,A,-,-,-,-,-,-,-,-,-,-,-,-,-
RIL180,1,22.00,6.44,2.11,8.56,23.80,6.40,2.50,8.90,29.1,8.1,2.7,10.8,471.3,2.09,10.84,1.77,59.25,52.25,4,9,34.50,24.03,4.25,47.25,2.09,23.40,1.59,2.31,99.00,19.00,19.20,7.30,4.10,4.10,98.40,7.10,5.77,5.91,9.53,4.85,6.36,6.05,12.87,2.70,1.15,9.06,1.86,15.78,22.07,7.07,1.41,6.15,38.87,16.80,0.07,2.20,14.13,2.27,0.47,6.40,14.60,22.54,9.15,1.75,6.35,46.15,23.62,2.31,0.69,18.23,3.00,14.77,5.08,33.00,23.93,12.15,21.49,2.75,39.95,0,0,0.00,405.1,0,62.8,95.4,0,20.4,16.4,31.9,494.5,0,24,0.07,0.69,0.03,0.38,726,758,1177.9,27.4,0.42,0.17,231.9,38,1113,859,67.8,0.1,0.08,0.4,0,9.4,78.34,0,24.2,177.2,42.1,10.39,51.8,28.68,480.2,115.1,86.17,1073.1,17.02,180,9.77,633,0,0,0,24,182,0.91,0.78,0.34,0.57,848,3365,936.1,77.3,0,109.11,3.75,1.00,2.00,0.83,1.75,2.75,0.88,28.74,97.18,100.00,100.00,100.00,100.00,8.98,12.35,10.95,8.51,5.58,1.40,2.44,5.36,178.10,177.78,180.00,178.10,0.00,1.90,-,-,-,41.8,,,,,,,,,,,,,6.345,1.915,83.51,76.79,2.79,2,1.6,1.5,1.37,3.15,2.92,3.55,3.21,3.09,2.99,3.25,2.75,3.34,3.11,25.50,9.56,20.31,1.56,2.13,3.69,-,-,-,-,-,-,-,-,40.0,49.8,12,29.0,89,44.1,51.9,12,34.5,263,A,68.8,6.89,0.59,93.2,110.51,69.17,0.76,-,-,-,-,-,-,B,16.24,71.81,6,150.810,8.650,67.030,125.410,0.541,0.324,0.649,-32.48,5.77,57.27,842.06,14570.19,6661.35,49641.08,32158.03,236.00,104.47,2.05,1.24,1.59,115.86,0.22,0.74,0.17,5.84,21.13,245.70,1035.48,38684.11,41707.91,80647.23,71372.10,1481.61,207.29,21.57,10.42,7.38,-,1.27,1.27,-0.01,-,40.35,5.76,232.42,18.87,16.65,0.3054,3.5,48.94,-,-,-,-,-,-,-,-,-,-,-,-,-,-
RIL182,1,22.10,6.30,2.60,8.90,27.80,10.20,3.10,13.30,50,25.75,7.63,33.38,514.8,2.42,14.22,2.39,50.25,42.5,7.25,18.6,37.50,51.45,6,43.25,2.42,20.90,0.95,0.47,99.99,44.00,44.00,8.70,4.80,4.80,97.90,7.00,3.63,4.72,5.73,4.20,5.31,7.61,14.39,3.30,0.74,7.61,2.72,10.65,26.87,9.53,1.29,12.27,44.60,17.73,0.00,2.33,8.93,2.33,0.00,3.13,8.93,30.00,12.73,1.77,14.41,54.93,24.93,3.00,0.67,13.87,3.67,15.67,2.27,29.53,19.24,14.07,35.25,2.52,40.02,0,0,-,422.3,0,115.4,97.6,3.9,22.4,62,0,0,0,177,0.44,0.63,0.2,0.31,563,720,1242.7,20.4,0.25,0.18,344.8,60,1542,430.7,21.7,0.56,0.08,0.49,0,7.7,202.54,0,29.8,539.6,7,0,43.4,43.66,516.7,0,104.52,1120.3,20.39,301.4,16.2,1026,75.82,0,0,177.3,111.1,0.9,0.87,0.37,0.67,977,3817,630.4,29.4,0,72.41,0.50,0.00,0.20,0.58,0.15,0.75,0.17,0.00,1.20,21.73,94.52,98.72,100.00,48.75,11.73,11.69,8.76,4.20,0.04,2.93,7.49,138.61,142.22,169.17,138.61,3.61,30.56,-,-,25.29,43.9,6.91,2.8,16.21,33.86,17.01,19.34,27.88,0.7393,25.37,3.841,27.08,3.842,5.94,2.07,86.37,72.51,1.75,1.34,1.25,1.25,1.09,0.5,0.34,0.34,0.39,0.46,0.17,0.79,0.29,0.46,0.52,31.19,15.63,46.00,0.81,3.00,3.81, -, -, -, -, -, -, -, -,30.9,75.1,18,29.9,195,28.5,73.0,17,29.4,240,A,79.7,4.61,0.34,74.1,122.45,69.33,1.02,27.47,29.35,25.22,1.89,2.25,4.13,A,2.29,-,17,178.890,8.040,62.810,139.200,1.106,0.503,0.653,-31.01,4.75,52.12,960.13,14668.52,8944.26,50997.91,32595.42,239.08,97.83,2.26,1.76,2.26,108.73,0.25,0.63,0.54,4.60,-,-,-,-,-,-,-,-,-,-,-,-,-,-,-,-,-,32.26,4.30,138.72,12.40,15.25,0.1908,4,33.31,B,S,6.62,12.60,19.00,17.37,12.38,4.77,0.31,0.22,0.13,0.16,-0.18,-0.07
RIL186,-1,26.60,9.60,2.60,12.20,27.30,8.60,2.20,10.80,42.8,16.7,5.4,22.1,545.3,2.81,15.22,2.29,59.5,46.75,12.25,10.9,51.75,48.25,3.75,47.25,2.81,14.90,1.03,0.33,76.00,43.00,56.60,5.70,4.80,5.20,100.00,8.70,6.64,7.69,9.51,6.28,8.13,8.58,17.55,3.40,0.95,9.81,1.61,11.43,22.07,8.47,1.82,13.03,42.13,20.07,0.13,2.07,13.00,2.20,0.53,4.13,13.53,25.53,11.27,2.11,15.00,51.53,26.00,3.20,0.33,16.13,3.53,28.47,2.93,44.60,26.73,14.94,37.00,2.80,43.32,0,0,-,604.4,0,48.6,0,4.2,16.9,28.8,71.1,0,0,290,0.87,0.89,1,0.89,1224,0,152.7,19.3,0.15,0.11,221.8,111,1862,585.8,50.8,0.28,0.31,0.6,0,21.7,147.08,0,0,0,0,0,29.1,45.36,587.7,151.6,0,104.1,19.26,192.7,65.49,1274,0,0,0,290.1,468.2,0.68,0.87,1.44,0.68,420,3481,730.8,72.5,0,86.69,1.75,0.25,0.35,1.08,0.50,1.50,0.13,0.00,0.39,12.73,87.80,75.26,91.12,60.46,10.67,9.08,8.80,4.70,1.58,0.28,4.38,14.44,89.00,180.00,14.44,74.56,165.56,-,-,21.26,41.2,6.62,2.89,18.2,33.22,17.99,18.08,25.44,0.5926,22.49,1.353,22.03,1.313,-,-,110.51,75.01,2.33,2.33,2.67,2.67,2.5,1.67,2.17,2.17,2,1.67,2.33,2.67,2.83,2.67,2.72,25.19,10.50,39.07,1.63,2.06,3.69,41,37,31.00,28.00,9,9,9.00,10.00,42.8,65.0,15,41.5,310,47.6,68.3,14,37.9,388,A,72.8,19.24,1.72,103.0,114.60,80.30,0.79,25.23,28.68,21.01,3.45,4.22,7.67,A,2.95,82.84,6,139.390,0.510,72.730,118.690,1.111,0.657,0.707,-31.37,6.77,66.37,711.23,16341.36,7159.66,51585.17,38980.82,243.40,100.36,1.90,1.40,2.66,92.70,0.17,0.66,0.59,4.52,19.80,268.73,582.32,34249.55,45945.54,69068.82,78012.29,1584.99,219.92,20.38,10.66,20.85,372.01,0.59,-,1.04,33.04,104.85,6.20,650.07,17.66,15.37,0.2458,3,43.48,A,R,17.65,14.00,24.22,19.31,6.58,5.31,0.19,0.23,0.11,0.19,-0.08,-0.04
RIL19,1,21.80,6.60,2.50,9.10,27.20,9.00,3.00,12.00,50.5,22.25,7.38,29.63,475.8,2.51,10.8,1.93,56.75,47.5,8.5,15.3,45.50,36.38,4.75,59.25,2.51,14.20,1.69,2.77,99.00,23.00,23.20,7.30,4.30,4.30,99.70,7.70,3.31,4.63,5.59,3.45,4.32,5.08,13.30,2.60,1.00,12.06,2.78,4.48,23.80,8.60,1.83,8.11,40.40,16.60,0.07,2.93,14.33,3.00,0.27,5.87,14.60,26.67,10.40,2.27,11.39,51.43,24.71,2.87,1.67,22.67,4.53,20.27,3.73,42.93,17.59,11.58,37.55,2.95,34.72,0,0,-,577.2,0,71.9,122.9,3.2,33.8,18.9,0,0,0,148,0.55,0.71,0.31,0.46,970,330,1145.3,19.7,0.26,0.19,437.2,57,1867,686.6,54.6,0.14,0.14,0.5,0,19.7,95.78,0,31.5,266.4,47.2,0,105,52.63,861.9,145.3,64.02,998.2,19.71,332.2,4.11,1005,0,0,28.1,147.5,216.1,0.87,0.76,0.08,0.54,554,4579,783.7,74.3,0,110.51,-,-,-,-,-,-,-,0.00,0.00,0.00,18.64,60.95,99.44,92.67,10.39,9.60,7.17,3.57,0.79,2.43,6.03,84.67,115.33,174.17,84.67,30.67,89.50,59.64,-,-,43.4,,,,,,,,,,,,,5.54,1.175,48.01,67.04,0,0,0.5,0.4,0.65,1.65,1.75,0,1.13,1.15,0.5,2.5,2.5,0.25,1.75,27.14,12.07,30.50,1.64,2.57,4.21,-,-,-,-,-,-,-,-,38.1,74.0,15,24.4,133,32.8,71.8,17,25.8,170,B,50.7,-,-,-,-,-,-,-,-,-,-,-,-,A,-,-,3,128.650,6.770,68.750,124.840,0.729,0.594,0.604,-31.39,7.15,66.75,899.86,18551.26,7716.76,53869.50,41229.96,170.50,88.89,1.61,1.63,1.51,86.90,0.14,0.70,0.13,4.04,-,-,-,-,-,-,-,-,-,-,-,-,-,-,-,-,-,24.55,5.13,125.82,16.24,27.40,0.4040,3.25,36.87,-,-,-,-,-,-,-,-,-,-,-,-,-,-
RIL190,1,18.90,4.60,1.90,6.50,21.50,5.20,1.90,7.10,25,6.1,1.9,8,537.3,3.54,13.46,1.89,48.75,43.75,4.25,6.9,25.00,27.98,3,23.25,3.54,19.70,1.51,0.84,98.00,37.00,37.80,7.10,4.70,4.70,99.10,7.40,6.77,8.46,7.98,5.73,9.08,9.92,16.76,3.00,1.03,9.98,2.14,16.91,20.07,7.00,1.85,12.59,39.13,19.07,0.00,1.93,11.67,1.93,0.00,3.53,11.67,19.87,8.33,2.26,15.19,45.47,25.60,1.20,0.87,17.07,2.07,9.33,3.21,26.40,18.83,20.64,32.00,3.44,64.53,1095.7,308.3,2.40,428.1,0,51.2,0,4.4,20.4,13.3,43.5,457.2,0,1096,0.84,0.92,0.71,0.94,869,457,52.5,22.3,0.14,0.08,207.6,140,2276,452.9,47.6,0.09,0.1,0.72,0,12.3,33.73,0,0,0,0,0,26.7,80.41,769.4,0,0,1.3,22.26,181,59.25,1506,0,0,0,0,132.9,0.03,0.87,0.74,0.66,1715,3430,493.8,59.9,42.7,-,4.50,3.00,2.75,2.33,3.00,3.00,0.75,0.00,0.00,38.47,98.19,98.98,99.50,44.82,-,-,-,-,-,-,-,-,-,-,-,-,-,-,-,22.00,39.9,6.7,2.83,16.5,30.42,17.96,18.89,24.69,0.811,22.82,4.204,21.77,2.118,-,-,-,-,1.57,0.9,1.19,1.61,0.79,0.36,0.22,0.25,0.28,0.25,0.25,0.54,0,0.15,0.23,22.25,8.81,27.94,0.81,1.50,2.31,34,29,20.00,22.50,7,7,5.00,7.00,-,-,-,-,-,-,-,-,-,-,A,-,9.91,1.04,107.4,84.31,105.85,0.98,24.73,27.52,21.73,2.79,3.00,5.79,B,-,0.00,12,174.870,3.080,66.670,114.360,1.128,0.615,0.667,-32.06,6.41,75.56,687.05,14258.41,7097.22,55712.16,35805.84,247.07,94.38,1.70,1.40,2.34,85.23,0.21,0.53,0.71,4.16,21.42,241.21,453.71,35009.97,27303.04,101671.96,81416.86,1322.88,199.65,24.32,11.09,10.13,383.92,1.14,-,1.52,26.49,42.19,5.03,212.00,15.11,16.13,0.2794,-,-,A,-,17.72,16.60,21.84,21.29,4.12,4.69,0.20,0.23,0.10,0.20,-0.10,-0.03
RIL191,1,18.50,5.40,1.80,7.20,21.00,5.67,1.89,7.56,23.6,5.3,1.9,7.2,531.3,2.80,9.88,1.74,52.25,45.75,4.75,7.7,20.50,20.23,3.75,35.25,2.80,16.80,2.40,4.56,99.00,94.00,94.90,7.30,6.60,6.60,99.70,7.70,4.78,6.46,7.27,4.76,5.36,4.55,14.01,2.70,0.87,10.46,1.73,11.48,20.73,8.33,1.51,6.79,37.53,16.80,0.27,1.80,14.73,2.07,1.53,6.47,16.27,20.07,8.73,1.85,7.42,40.40,20.33,1.73,1.07,16.60,2.80,16.93,5.07,33.53,21.25,11.10,34.05,2.39,32.56,0,0,-,950.9,0,47.6,103.8,3.2,27.9,26.9,79.6,0,0,227,0.77,0.91,1,0.96,1271,0,48.1,15.4,0.3,0.09,152.6,36,1494,608.1,42.4,0.19,0.19,0.53,0,13.7,99.99,0,0,0,0,0,16.7,3.32,512.5,122.8,0,0.4,15.38,135.9,32.37,981,0,0,0,226.9,197.7,0.01,0.89,9.76,0.66,278,3101,705,56.2,0,55.05,4.00,2.50,2.75,2.50,3.00,4.75,1.57,0.00,4.59,70.78,95.33,96.08,99.31,36.38,-,-,-,-,-,-,-,-,-,-,-,-,-,-,-,-,43.5,,,,,,,,,,,,,6.995,1.725,32.11,30.46,0.53,0.28,0.53,0.63,0.37,0.33,1.03,0.61,0.66,0.09,1.22,0.32,0.95,0.78,0.68,22.00,7.00,17.07,1.33,1.80,3.13,-,-,-,-,-,-,-,-,41.0,43.4,10,30.3,97,46.9,40.1,9,43.3,198,A,-,8.38,0.74,87.7,110.42,77.04,0.88,26.06,27.47,21.68,1.40,4.38,5.79,B,16.18,30.49,5,137.110,5.150,53.610,139.690,1.031,0.515,0.825,-32.11,6.33,67.78,619.72,15275.95,6056.69,50426.75,38258.16,279.78,103.80,1.90,1.36,1.88,89.92,0.18,0.59,0.25,4.42,20.75,230.89,421.65,37629.06,46753.77,60685.45,84862.65,1715.93,205.20,26.59,10.97,7.54,399.19,0.82,2.80,0.44,34.44,17.53,5.90,103.43,15.32,23.42,0.3834,-,-,-,-,-,-,-,-,-,-,-,-,-,-,-,-
RIL192,1,18.50,4.90,2.00,6.90,22.22,5.33,1.67,7.00,23.4,5.2,2.3,7.5,541,3.02,13.19,2.04,58,46.5,10.5,6.4,29.00,31.33,3.75,35,3.02,18.50,2.08,3.73,84.00,68.00,81.00,6.00,5.50,5.90,100.00,8.70,6.32,7.42,8.33,4.56,7.67,7.71,16.33,2.30,1.14,12.78,2.63,16.52,19.33,7.40,1.93,12.98,37.00,17.67,0.60,1.73,13.53,2.33,4.60,4.40,18.13,18.13,6.80,2.25,12.99,38.53,20.40,1.60,0.67,14.73,2.27,15.13,2.67,29.87,29.36,13.48,51.00,2.39,44.66,425.6,349.8,-,533.4,0,52.1,0,3.4,31.8,19.3,59.9,0,0,426,0.84,0.93,1,0.95,1217,0,64.3,14,0.2,0.07,147.7,58,2027,308.7,26,0.31,0.15,0.62,0,14.1,88.43,0,0,0,0,0,29.8,19.07,856.2,107,0,12.2,14.05,117.9,39.06,1171,0,0,0,0,226.7,0.19,0.8,2.05,0.58,498,3491,393.3,40.1,37.5,67.78,0.50,0.00,0.15,1.67,0.75,4.25,1.17,18.31,48.28,52.82,93.47,93.52,95.72,21.72,13.81,9.40,8.02,3.74,4.40,1.39,5.67,161.67,164.64,174.76,161.67,2.98,13.10,-,-,-,41.9,,,,,,,,,,,,,7.225,1.345,42.56,27.73,0.24,0.07,0.53,0.35,0.63,1.91,2.93,2.07,2.3,0.47,2.63,2.1,2.66,1.74,2.16,20.81,9.31,26.63,1.13,1.75,2.88,-,-,-,-,-,-,-,-,40.3,35.4,8,37.4,143,50.4,37.0,8,47.1,215,A,59.5,16.17,1.40,88.8,114.39,86.24,0.98,-,-,-,-,-,-,B,14.10,32.76,8,138.710,2.150,72.580,128.490,0.968,0.645,0.753,-31.97,9.05,61.55,527.13,16559.88,8524.79,44631.17,39266.99,250.51,92.49,1.75,1.31,1.59,83.19,0.18,0.72,0.54,5.61,20.44,206.43,501.42,37859.26,47165.83,89821.48,79092.95,1209.99,208.43,26.53,10.75,10.63,361.06,0.90,1.22,1.57,28.73,77.02,5.78,444.79,12.91,26.89,0.3260,0,31.70,A,-,-,-,-,-,-,-,-,-,-,-,-,-
RIL21,-1,20.70,5.80,2.00,7.80,29.50,11.10,3.40,14.50,56.4,32.6,8.2,40.8,545.5,2.85,11.1,2.18,47,31.5,14.25,19.1,47.00,26.58,6.25,52.75,2.85,16.90,1.53,0.65,94.00,1.00,1.10,6.60,2.70,2.70,99.40,7.50,3.56,5.32,4.60,4.28,5.36,6.01,13.69,2.90,1.05,10.31,2.52,7.00,26.53,10.00,1.55,6.11,44.53,18.00,0.07,2.80,12.33,2.87,0.47,4.87,12.80,29.33,12.67,1.92,8.03,55.25,25.92,2.75,0.83,18.42,3.58,22.33,4.58,40.75,9.12,10.61,25.89,2.57,30.94,1143.4,272.9,0.53,379.4,190.3,0,103.9,3.6,31.7,13.3,28,2172.7,553.2,1143,0.52,0.72,0.35,0.44,944,2173,1214.7,63.5,0.32,0.17,322.3,134,1544,600.1,69.9,0.08,0.06,0.4,0,16,52.28,0,0,0,0,26.32,40.1,67.56,545.9,120,0,499.6,37.18,282.3,65.97,998,0,524.8,0,0,171.4,0.41,0.88,0.98,0.65,3513,4717,653.7,85.8,57,68.31,1.50,1.50,0.75,0.27,0.00,0.75,0.00,0.00,0.42,0.69,21.91,70.20,88.82,91.60,-,-,-,-,-,-,-,-,-,-,-,-,-,0.00,-,-,41.6,,,,,,,,,,,,,6.625,1.775,66.87,79.6,3.45,2.65,2.85,2.85,2.88,1.85,1.48,1.45,1.59,2.45,1.5,2.03,2.13,1.48,1.88,32.44,10.69,24.94,0.88,3.69,4.56,-,-,-,-,-,-,-,-,50.8,55.4,12,36.6,187,45.4,51.5,14,36.0,261,B,-,-,-,-,-,-,-,-,-,-,-,-,-,B,2.30,0.00,10,178.540,6.830,56.590,119.370,0.829,0.459,0.566,-32.31,7.06,70.18,850.82,19004.31,8150.14,56874.47,40437.02,156.09,106.73,1.99,1.51,1.47,72.92,0.30,1.37,0.20,3.73,24.46,231.94,1813.31,38252.21,30833.21,144705.05,79313.69,998.55,242.42,23.91,0.83,12.74,343.25,0.85,0.99,0.65,20.64,82.57,7.03,580.71,15.63,15.29,0.2150,-,-,A,-,-,-,-,-,-,-,-,-,-,-,-,-
RIL22,1,21.70,6.60,2.90,9.50,23.90,6.80,3.10,9.90,41.67,17.89,7.11,25,517,2.37,14.11,1.94,56.75,53,3.25,8.1,39.25,24,4.25,43.5,2.37,13.60,1.61,1.75,82.00,0.00,0.00,5.90,1.30,1.30,98.50,7.20,4.31,6.07,7.56,3.89,6.16,6.68,14.53,2.90,0.98,11.34,2.08,6.00,22.33,7.93,1.88,5.75,38.73,16.40,0.40,2.33,12.07,2.73,2.47,5.80,14.53,24.73,11.93,2.08,6.93,45.60,20.87,3.87,0.73,16.20,4.60,24.33,5.14,40.53,17.93,14.28,39.33,3.25,42.10,954.1,278.8,2.01,352.7,119.2,52.8,136.7,0,23.2,16.3,61.5,475.3,0,954,0.8,0.89,0.67,0.72,982,475,378.8,44.9,0.16,0.09,168.3,231,1659,874.5,47.1,0.12,0.16,0.55,0,11.9,103.95,0,0,0,0,15.53,19.5,115.83,520.1,150,0,206.8,29.33,148.9,115.58,1139,0,0,0,0,200.2,0.55,0.88,1,0.69,1706,3348,977.1,58.9,38.9,91.53,2.75,0.25,1.00,1.17,2.50,2.50,0.42,0.00,0.00,0.00,11.03,30.10,47.40,147.47,12.00,9.08,6.33,7.50,2.92,2.75,1.58,53.75,134.17,175.00,53.75,80.42,121.25,14.71,-,-,41.8,,,,,,,,,,,,,7.09,1.35,57.84,61.08,2.22,1.89,2.19,2.08,2.3,2.14,1.94,1.25,1.77,2.14,1.94,2.12,1.88,1.52,1.84,23.94,6.50,16.44,1.56,2.38,3.94,-,-,-,-,-,-,-,-,42.0,58.4,14,33.6,139,40.9,62.5,16,32.4,234,B,-,8.50,0.94,105.1,93.59,79.94,0.77,-,-,-,-,-,-,A,17.37,37.11,8,172.830,106.520,75.540,112.880,0.978,0.511,0.685,-30.91,7.16,79.93,850.10,17736.51,7546.26,63137.98,38822.64,198.17,90.77,1.91,1.62,2.66,81.15,0.16,0.27,0.14,3.16,19.98,257.34,1716.83,35910.72,28566.93,131028.05,82617.23,1530.86,220.70,20.62,18.91,9.51,492.26,0.87,1.08,0.44,40.99,57.04,6.08,346.52,18.75,15.00,0.2400,1,54.44,A,-,-,-,-,-,-,-,-,-,-,-,-,-
RIL23,1,17.40,5.00,1.50,6.50,20.90,5.30,1.80,7.10,24.8,6.9,2.5,9.4,552.5,3.36,8.12,1.89,35,22.75,11.5,7.1,20.25,17.38,4.25,31.75,3.36,15.90,1.22,0.99,99.99,31.00,31.00,8.70,4.50,4.50,99.50,7.60,4.54,4.25,6.26,3.60,5.11,5.73,15.48,2.70,0.93,10.90,2.28,5.91,19.85,7.92,1.55,7.68,37.85,18.00,0.69,1.08,16.08,1.77,5.85,6.31,21.92,19.60,8.00,1.67,7.27,39.33,19.73,1.13,1.15,16.80,2.13,18.13,4.53,34.93,14.21,14.24,32.01,2.79,43.22,555.4,219,0.26,568,302,0,106.6,4.4,32.3,13.9,17.7,2106.8,461,555,0.42,0.63,0.21,0.43,1073,2107,1418.8,27.3,0.28,0.26,520.3,69,1521,453.5,78.9,0.09,0.04,0.4,0,10.1,48.31,0,32.3,0,0,0,70.6,43.12,549.7,128.7,0,630,27.32,449.7,25.78,972,0,486.8,0,0,125,0.44,0.86,0.6,0.64,2758,5138,502.1,89,66.5,79.41,1.25,0.75,0.25,0.42,0.25,0.75,0.17,0.00,0.00,37.67,99.44,98.74,100.00,45.12,10.20,7.19,4.53,2.99,3.01,2.66,4.20,84.78,140.00,173.33,84.78,55.22,88.56,20.56,-,-,41.5,,,,,,,,,,,,,6.575,1.59,40.26,39.03,0.75,0.13,0.85,0.78,0.82,1.28,1.28,0.38,0.98,0.82,0.78,1.08,1.28,0.5,0.95,21.67,5.53,14.87,2.27,1.60,3.87, -, -,20.00,22.00, -, -,5.50,5.50,42.0,38.6,9,37.8,139,39.9,36.1,8,39.3,204,A,-,8.22,0.70,84.1,87.66,68.13,0.82,-,-,-,-,-,-,B,3.24,33.09,9,127.360,12.440,74.130,113.280,1.692,0.766,0.776,-31.68,7.40,73.84,735.67,17835.25,7095.72,48051.61,37917.99,258.79,96.53,1.98,2.02,1.78,94.26,0.30,0.22,0.14,5.43,28.30,224.45,1226.11,39725.83,30216.68,93396.61,75913.12,1284.35,204.04,22.24,-0.12,9.67,377.28,0.77,2.34,0.32,34.36,13.60,4.73,64.37,18.82,15.65,0.2533,-,-,A,-,-,-,-,-,-,-,-,-,-,-,-,-
RIL25,1,18.00,4.80,1.60,6.40,19.60,5.10,1.70,6.80,23.67,5.33,1.83,7.17,531.3,3.04,13.59,1.92,51.5,46.25,5.25,7.2,27.25,30.4,3.25,26.5,3.04,17.50,1.27,2.51,100.00,77.00,77.00,8.70,5.70,5.70,100.00,8.70,6.99,7.34,11.05,5.10,10.26,9.35,17.77,3.20,1.16,15.32,3.07,10.57,18.47,7.00,2.15,15.63,38.00,19.53,0.87,1.20,15.13,2.07,6.00,3.73,21.13,17.93,7.07,2.08,15.04,39.27,21.33,1.07,1.07,15.33,2.13,10.93,2.93,26.27,18.27,15.75,47.84,2.72,44.94,1213,325.1,2.86,679.8,0,52.5,94.7,3.7,25.9,23.4,46,424.6,0,1213,0.85,0.92,0.74,0.94,1335,425,85.9,19,0.13,0.09,227.2,126,2459,412,37.8,0.18,0.08,0.64,0,18.3,47.11,0,0,0,0,0,41.1,76.46,1054.4,130,0,33.4,18.98,186,49.15,1405,0,0,0,0,200.2,0.39,0.82,0.64,0.57,1782,4232,459.4,56.1,42.2,80.17,3.25,1.75,2.50,1.92,2.00,3.50,1.00,0.00,0.00,0.68,83.10,100.00,100.00,59.21,14.06,12.50,9.06,5.25,1.56,3.44,7.25,110.83,153.00,176.25,110.83,42.17,65.42,11.25,-,-,44.2,,,,,,,,,,,,,5.27,1.935,77.5,36.36,1.58,1.43,0.97,0.85,1.05,0.7,0.45,0.3,0.49,0.8,0.45,0.98,0.18,0.58,0.58,20.75,9.19,28.31,0.63,1.75,2.38,-,-,-,-,-,-,-,-,43.6,37.3,8,38.3,129,41.8,35.3,8,39.1,153,A,72.1,-,-,-,-,-,-,-,-,-,-,-,-,B,20.00,54.69,6,180.830,9.840,81.870,139.220,1.140,0.953,0.705,-31.65,9.55,59.98,848.99,18069.47,10065.93,54558.29,40702.29,214.47,88.61,1.58,1.49,1.29,68.21,0.26,0.49,0.57,4.72,-,-,-,-,-,-,-,-,-,-,-,-,-,-,-,-,-,87.43,7.28,636.05,28.47,21.38,0.6521,3,83.03,A,-,-,-,-,-,-,-,-,-,-,-,-,-
RIL27,-1,27.10,13.00,3.90,16.90,32.90,18.60,4.80,23.40,62.75,43.63,9.25,52.88,505,2.75,11.4,1.87,53,46.25,4,32.6,47.25,24.8,8.5,62.75,2.75,16.70,0.53,0.24,99.00,39.00,39.40,7.30,4.70,4.70,99.70,7.80,5.18,5.46,6.95,4.91,6.73,5.91,14.50,2.80,1.32,15.59,2.93,8.87,28.07,12.07,2.09,7.92,47.20,19.13,0.27,3.80,17.53,4.07,1.20,5.86,18.73,33.92,14.31,1.92,6.62,60.92,27.00,2.77,1.39,16.92,4.15,16.46,3.00,33.39,11.64,7.81,38.29,2.02,24.77,1111.2,294.9,0.71,307.9,210.6,0,0,3.1,10.6,13.8,41.1,1559.1,522.1,1111,0.7,0.77,0.42,0.53,924,1559,837.6,24.3,0.18,0.16,302.2,109,1596,776.4,51.8,0.13,0.05,0.45,0,13,104.25,0,0,0,0,0,61,74.93,628.1,160.2,0,262.4,24.26,241.3,34.19,967,0,364.6,0,0,161,0.31,0.8,0.46,0.61,2804,4195,879.4,64.8,46.5,-,1.25,0.50,1.50,0.57,0.25,3.00,0.50,0.00,0.00,24.70,87.59,97.51,99.53,51.54,-,-,-,-,-,-,-,-,-,-,-,-,-,76.18,-,-,44.2,,,,,,,,,,,,,9.03,1.54,-,-,1.32,0.57,0.89,0.9,0.77,0.86,0.87,0.29,0.67,0.82,0.44,1.14,1.16,0.43,0.9,30.94,10.88,21.94,1.81,3.50,5.31,-,-,-,-,-,-,-,-,50.3,79.6,28,29.6,177,41.6,80.3,24,29.5,261,A,-,11.07,1.04,92.5,112.32,81.85,0.88,-,-,-,-,-,-,A,2.02,25.78,18,184.880,4.880,68.780,142.780,1.122,0.751,0.761,-31.5,7.09,40.47,897.61,18189.63,11671.07,62341.46,37315.60,183.54,101.33,1.92,1.43,1.25,82.02,0.13,0.53,0.13,3.71,40.43,300.28,2027.70,44400.78,36591.47,135416.95,65496.41,1455.47,298.28,32.58,23.65,6.84,249.64,2.07,-,-,15.16,30.17,4.23,127.47,19.79,16.55,0.3414,1,47.61,A,-,-,-,-,-,-,-,-,-,-,-,-,-
RIL29,1,19.10,5.10,2.50,7.60,26.10,8.00,2.80,10.80,39.7,16.2,5.7,21.9,523,2.56,11.35,1.90,52,40.5,8.5,12.9,42.50,25.1,5.75,56,2.56,16.80,2.36,4.60,93.00,20.00,21.50,6.50,4.20,4.20,100.00,8.70,4.27,4.93,6.19,3.46,5.38,5.95,13.70,2.60,1.15,16.57,2.56,11.35,23.50,8.50,1.34,4.87,40.21,16.71,0.29,2.36,11.79,2.64,2.21,6.07,14.00,22.27,10.20,2.20,7.56,43.93,21.67,2.67,1.13,19.73,3.80,24.40,6.53,44.13,8.79,12.93,42.39,2.57,37.82,1382.2,331.2,0.67,532.4,307.2,0,112.4,3.4,33.9,19.7,0,2076,605.4,1382,0.55,0.74,0.4,0.49,1168,2076,1205.8,53.9,0.33,0.18,330.7,111,1561,422.3,42.5,0.23,0.05,0.38,0,10.1,108.68,0,0,0,0,22.32,56.3,78.02,592.6,127.8,0,513.9,31.56,274.4,33.23,969,0,384.6,0,0,176.3,0.43,0.83,0.43,0.62,3623,5020,532.2,52.6,50.3,76.98,1.25,1.50,0.75,0.92,0.00,2.50,0.33,0.00,0.52,0.46,19.70,24.88,55.74,141.65,11.09,9.73,6.33,2.79,1.36,3.41,6.94,107.62,159.89,180.00,107.62,52.27,72.38,20.00,-,-,44.4,,,,,,,,,,,,,7.565,1.715,51.78,22.49,0.41,0.1,0.73,0.73,0.59,1.13,1.25,0.75,1.04,0.97,0.63,0.18,1.01,0.35,0.51,26.31,7.75,20.75,1.69,2.88,4.56, -, -, -,25.00, -, -, -,7.00,39.3,45.6,11,32.8,129,37.0,47.8,11,33.5,196,B,57.6,-,-,-,-,-,-,-,-,-,-,-,-,B,20.68,69.49,11,162.780,10.560,82.780,142.060,0.889,0.689,0.644,-31.56,7.84,61.97,979.84,15630.40,11957.46,48189.43,34141.58,245.91,87.52,2.19,1.25,1.21,76.46,0.33,0.82,0.04,3.98,32.97,318.63,2299.98,35829.35,29499.85,103918.77,59495.68,1520.11,223.22,18.66,53.56,-,350.79,1.13,-,-,15.92,89.25,9.77,871.70,20.01,20.44,0.3869,3,56.71,A,-,-,-,-,-,-,-,-,-,-,-,-,-
RIL36,1,18.60,4.40,2.00,6.40,20.30,5.20,1.80,7.00,23.3,4.8,1.8,6.6,492.5,2.61,7.81,1.48,46,31.5,13.25,7.1,19.75,17.5,4,37,2.61,27.40,0.70,0.13,100.00,92.00,92.00,8.70,6.40,6.40,100.00,8.70,5.29,5.78,7.93,4.82,5.93,5.16,14.67,3.30,1.32,17.37,4.50,16.48,19.47,7.40,1.92,7.09,36.67,17.20,0.80,1.73,16.47,2.53,7.33,6.93,23.80,17.54,6.85,1.80,7.12,36.77,19.23,1.39,1.08,17.69,2.46,15.69,4.69,33.39,16.06,12.76,27.42,2.50,40.01,0,241.6,-,880.3,0,0,112.6,0,30.2,33.8,85,0,0,446,0.89,0.92,1,0.92,1978,0,174.9,16,0.13,0.08,130.8,111,1595,620.1,43.1,0.17,0.22,0.43,0,15.6,96.96,0,0,0,0,0,23.7,80.13,655.5,295.2,0,65.4,15.96,107.1,30.55,939,0,0,109.5,445.7,561.2,0.37,0.82,0.38,0.59,572,4022,705,58.7,0,83.22,2.50,1.00,1.75,2.17,2.00,2.50,0.50,0.00,8.02,88.34,100.00,100.00,100.00,30.71,-,-,-,-,-,-,-,-,-,-,-,-,-,63.06,86.11,-,42.8,,,,,,,,,,,,,6.575,1.39,37.05,32.68,0.63,0.44,1.66,1.66,1.57,1.13,2.63,1.43,1.72,1.68,2.23,1.82,2.8,1.7,2.11,21.13,5.06,12.25,0.75,1.56,2.31, -, -,19.00,22.00, -, -,6.00,5.00,46.4,42.3,9,36.9,116,48.3,39.5,8,44.4,182,B,70.9,12.36,1.04,88.9,125.13,85.77,0.98,-,-,-,-,-,-,B,2.68,48.67,8,158.890,10.000,85.560,127.610,1.389,0.856,0.978,-32.49,5.53,91.01,897.88,17162.45,9399.59,62807.86,36862.16,209.32,98.32,1.65,1.50,2.21,85.47,0.09,0.32,0.78,2.71,25.68,302.54,2204.08,35817.00,30299.59,135839.75,76005.95,1165.38,196.98,15.80,13.70,12.18,350.78,0.75,1.29,1.83,21.60,46.43,5.50,255.37,14.95,21.67,0.3003,-,-,A,-,-,-,-,-,-,-,-,-,-,-,-,-
RIL37,-1,20.20,5.30,1.80,7.10,24.60,7.10,2.10,9.20,39.1,15.5,4.3,19.8,610.5,3.25,20.06,2.46,63.25,54,8.75,11.1,51.25,40,4.25,39,3.25,21.50,1.14,2.60,93.00,0.00,0.00,6.50,1.30,1.30,88.50,6.20,3.63,4.65,6.82,5.31,5.14,8.85,15.65,2.90,0.93,9.11,1.67,3.91,21.86,7.14,1.82,12.01,39.57,17.71,0.07,2.21,8.79,2.29,0.14,3.79,8.93,22.92,8.39,2.40,14.14,46.15,23.23,2.08,0.69,12.92,2.77,20.15,3.46,33.08,14.05,15.19,40.04,2.99,45.86,1025.5,481.6,3.02,673.8,119.8,50.9,0,4.3,25.2,18.7,51.2,339.6,455.6,1025,0.76,0.91,0.75,0.88,1426,340,186.6,37.5,0.24,0.09,206.4,120,2176,248.3,58.7,0.28,0.1,0.53,0,11.7,75.61,0,0,0,0,15.07,22.1,74.93,699.2,120.1,0,15.9,22.41,184.3,44.75,1477,0,0,0,0,150.2,0.09,0.89,0.6,0.68,1522,4480,315,70.4,40,89.31,2.25,0.50,1.75,0.32,0.00,1.75,0.08,0.57,3.78,15.76,87.74,99.05,99.09,51.40,14.08,13.93,9.48,5.42,0.16,4.45,8.51,17.29,88.56,137.50,17.29,71.27,120.21,43.75,26.67,-,36.8,,,,,,,,,,,,,4.805,2.57,50.13,42.16,1.71,1.63,1.93,2.08,1.5,1.26,2.98,1.24,1.82,1.38,1.79,1.68,2.75,1.87,2.1,26.20,13.73,35.67,1.53,2.60,4.13,-,-,-,-,-,-,-,-,48.5,51.0,10,42.4,212,49.6,45.5,9,46.6,325,B,-,19.52,1.97,93.3,115.24,84.44,0.91,-,-,-,-,-,-,B,3.75,0.39,11,183.330,48.960,48.960,122.760,1.458,0.594,0.656,-31.86,7.62,49.83,884.56,15980.41,9218.21,46833.38,36356.15,258.15,93.68,2.05,1.51,1.56,84.76,0.19,0.47,0.14,5.18,26.61,233.63,1760.00,41492.89,33347.71,101677.49,77348.85,1245.62,228.00,23.94,4.94,10.37,249.58,1.30,1.13,0.30,23.16,102.33,10.00,1023.30,12.89,17.50,0.1614,1,72.30,A,-,14.78,18.87,23.00,20.97,8.22,2.09,0.25,0.24,0.10,0.20,-0.14,-0.04
RIL4,-1,18.22,4.00,1.67,5.67,19.30,4.00,1.70,5.70,22.3,4.1,2.2,6.3,590.5,3.19,9.74,1.65,35.75,26.75,7.5,5.9,18.75,14.75,3.75,21.75,3.19,17.00,0.91,0.37,98.00,90.00,91.80,7.10,6.30,6.40,99.00,7.30,3.34,4.34,5.67,3.41,4.52,7.33,14.28,3.20,1.02,10.09,1.64,2.87,20.33,6.20,1.63,6.61,36.00,15.67,0.53,1.33,10.93,1.87,2.67,5.67,13.60,18.67,6.60,1.83,7.65,38.67,20.00,1.50,0.64,13.53,2.14,19.14,4.20,31.40,18.15,11.16,35.95,2.75,34.15,768.9,301.2,-,713.4,101.3,54.8,108.1,4.9,27.1,24.3,73.1,0,0,769,1,0.91,1,0.88,1391,0,191.2,0,0,0.09,218.3,92,2317,322.8,36.8,0.28,0.11,0.6,0,15,91.06,0,0,0,0,0,17,78.29,682.6,143.5,0,35,0,201.4,13.27,1635,0,0,0,0,232.4,0.18,0.92,0.17,0.71,860,4258,414.2,51.8,41.6,-,2.25,0.15,0.15,0.58,0.25,1.75,0.08,0.00,0.00,68.45,100.00,100.00,100.00,37.66,-,-,-,-,-,-,-,-,-,-,-,-,-,23.03,-,-,40.8,,,,,,,,,,,,,8.165,1.43,-,-,1.36,0.77,0.77,0.58,0.81,0.57,1.12,1.43,1.04,0.68,1.52,0.8,1.56,1.41,1.26,21.43,5.50,14.07,1.86,1.43,3.29, -, -,25.00,27.50, -, -,5.50,4.00,44.6,35.3,6,41.6,153,53.6,38.3,7,47.0,224,A,55.0,11.68,1.03,91.0,120.38,78.19,0.86,-,-,-,-,-,-,B,-,2.08,8,141.120,5.080,70.050,118.120,1.421,1.239,1.198,-31.48,9.16,89.08,885.54,17958.73,6232.02,39592.42,42782.48,259.52,80.21,1.62,1.83,1.42,54.24,0.29,0.25,0.11,3.82,27.74,288.27,2482.65,38297.42,22406.77,107875.55,90223.39,1268.19,240.49,16.68,8.74,12.72,292.06,0.94,1.45,0.66,17.44,17.00,5.70,96.90,15.04,23.30,0.3506,-,-,-,-,-,-,-,-,-,-,-,-,-,-,-,-
RIL50,-1,19.10,5.90,2.10,8.00,20.20,5.50,1.80,7.30,22.44,4.75,1.38,6.13,548.3,2.89,13.08,2.44,58.75,28.75,29.5,7.2,26.00,28.2,3.75,27.5,2.89,18.00,2.79,4.02,100.00,82.00,82.00,8.70,5.90,5.90,100.00,8.70,4.53,6.34,8.74,5.27,6.59,5.86,15.69,2.90,1.55,16.86,3.23,19.43,18.73,7.67,2.21,14.83,37.93,19.20,0.20,2.00,14.53,2.20,1.33,3.60,15.87,18.87,8.33,2.25,15.23,41.67,22.80,1.53,1.27,16.60,2.80,16.33,2.73,32.93,22.47,21.05,50.97,3.42,55.13,822.5,382.2,3.33,516.1,0,50,0,3.4,22.5,22.6,99,246.8,0,823,0.87,0.91,0.77,0.9,1465,247,165.2,24.3,0.12,0.09,184.2,188,1978,753.2,85,0.06,0.17,0.57,0,15.6,55.88,0,0,0,0,0,38.5,87.99,816.2,201.4,0,42.5,24.29,145.7,99.62,1162,0,0,72.7,0,365.1,0.26,0.79,1.13,0.59,1281,3818,801.7,100.6,35.9,77.67,1.50,0.25,0.50,0.77,0.65,1.75,0.33,0.00,0.00,55.68,98.89,100.00,100.00,40.73,11.00,8.75,9.33,2.00,2.25,0.00,6.75,-,173.33,170.00,-,-,-,87.50,58.10,-,42.3,,,,,,,,,,,,,6.2,2.045,96.68,62.13,1.46,0.92,1.1,1.16,1,1.74,2.08,1.09,1.63,1.74,1.59,2.13,2.25,1.13,1.83,20.94,8.67,27.80,1.00,1.60,2.60, -, -,18.00,20.00, -, -,6.00,6.00,38.3,36.8,7,33.8,130,51.1,37.3,8,46.0,144,A,55.9,-,-,-,-,-,-,-,-,-,-,-,-,B,22.90,59.81,9,177.340,26.110,79.800,124.480,1.281,1.103,0.719,-32.19,9.26,36.98,737.03,17762.40,9279.50,36740.81,43116.02,246.80,110.63,2.07,1.82,1.49,71.27,0.18,0.39,0.49,5.82,6.42,248.07,1201.16,41648.53,39631.38,107207.33,105084.81,1307.01,240.67,21.73,3.78,-,200.06,0.63,0.98,2.25,14.44,38.15,6.40,244.16,17.89,18.23,0.3299,0,61.10,-,-,19.43,11.39,25.17,15.95,5.74,4.56,0.24,0.24,0.12,0.20,-0.11,-0.04
RIL54,1,20.70,5.30,2.20,7.50,22.20,5.40,2.00,7.40,27.67,7.22,2.67,9.89,490,2.48,15.31,2.10,57.75,52,5.5,8,32.75,30.48,3.5,27,2.48,16.90,3.24,4.56,98.00,5.00,5.10,7.10,3.40,3.40,100.00,8.70,6.13,7.34,11.25,5.76,9.33,9.37,16.63,2.50,1.27,12.04,2.01,7.35,20.27,7.93,2.03,13.82,38.40,18.13,0.13,2.20,13.13,2.33,0.40,4.00,13.53,19.43,7.93,2.21,14.83,42.64,23.21,2.07,0.64,16.29,2.71,17.93,3.57,34.21,24.68,9.36,35.55,2.06,30.11,520.4,338.7,-,401.8,0,50.9,81.4,4.5,17.9,6.1,53.4,0,0,520,0.87,0.92,1,0.92,985,0,84.5,21.9,0.15,0.08,212.9,125,2435,217.1,40.4,0.2,0.22,0.69,0,15.9,56.23,0,0,0,0,0,19.1,50.2,731.4,111.3,0,33.6,21.85,193.8,75.19,1703,0,0,0,0,133.6,0.4,0.91,1.5,0.7,668,3821,263.1,56.3,50.3,111.58,3.75,0.50,1.25,1.17,1.00,3.00,0.42,0.00,0.00,13.77,73.57,97.27,99.52,58.65,14.98,12.90,10.68,5.74,2.08,2.22,7.16,132.33,150.08,169.52,132.33,17.75,37.20,24.17,76.67,-,43.7,,,,,,,,,,,,,4.665,2.14,93.4,65.77,0.5,0.4,0.73,0.75,0.5,0.78,0.6,0.3,0.56,0.6,0.2,0.95,0.8,0.4,0.72,23.19,13.13,31.94,1.31,2.00,3.31,-,-,-,-,-,-,-,-,39.9,38.9,9,34.6,141,46.4,39.4,9,43.0,185,A,63.6,14.77,1.41,97.8,115.96,87.48,0.89,-,-,-,-,-,-,B,19.70,40.17,10,148.040,30.390,74.020,117.500,1.275,0.706,0.765,-32.54,6.83,83.99,647.15,17735.12,6876.36,51429.58,41108.99,224.24,108.83,1.91,1.84,2.25,70.63,0.25,0.32,0.74,4.17,28.29,256.72,1278.72,41180.58,38458.94,107765.73,94490.50,1152.59,216.65,19.08,0.48,14.06,458.41,0.95,0.52,0.97,35.40,27.84,6.20,172.61,13.93,23.01,0.3090,0,61.63,A,-,-,-,-,-,-,-,-,-,-,-,-,-
RIL55,-1,21.30,5.20,2.50,7.70,25.00,6.30,2.70,9.00,40.9,19.3,5.5,24.8,543.3,2.74,17.83,2.18,67,62.75,4,10.9,46.50,47.05,3.75,45.5,2.74,14.20,1.86,2.42,100.00,12.00,12.00,8.70,3.80,3.80,98.60,7.20,5.88,7.16,9.29,6.11,8.39,9.51,16.65,3.10,1.11,9.78,2.01,7.48,21.27,7.33,1.91,13.88,37.67,16.40,0.20,1.80,9.80,2.00,1.27,4.33,11.07,22.87,9.80,1.95,14.87,46.33,23.47,2.40,1.27,14.47,3.67,17.33,3.27,31.80,18.77,9.11,40.45,2.36,30.35,460,234.2,0.51,273.6,0,72,85.5,4.7,19.6,20.4,12,907.1,588.9,460,0.6,0.8,0.34,0.66,596,907,305.4,36.5,0.23,0.16,479.4,123,2478,279.4,48.5,0.26,0.1,0.65,0,14,98.13,0,27.3,0,0,0,50.4,46.15,778.1,0,0,233.5,36.48,429,77.11,1700,0,0,0,0,61.1,0.76,0.9,1.67,0.69,1527,4558,367.3,62.5,72.7,129.35,3.00,2.00,1.50,0.58,0.50,0.75,0.42,0.00,12.94,84.43,99.48,98.46,100.00,30.59,11.37,11.41,7.30,4.98,0.00,4.11,6.44,82.00,150.32,173.33,82.00,68.32,91.33,20.00,8.33,-,40.6,,,,,,,,,,,,,4.155,2.66,124.09,60.04,0.75,0.38,0.35,0.58,0.18,0.45,1.53,0.65,0.88,0.85,0.55,1,1.43,0.65,1.03,25.73,12.40,34.80,1.00,2.27,3.27,-,-,-,-,-,-,-,-,36.8,60.1,14,32.5,150,37.9,56.3,14,33.8,186,B,-,10.48,1.10,108.3,119.58,104.70,0.97,-,-,-,-,-,-,A,-,1.19,11,182.760,26.600,62.070,119.560,0.985,0.611,0.571,-31.32,6.56,62.63,1042.33,17633.25,9262.70,52200.50,35852.72,175.62,112.47,1.93,2.62,1.25,87.98,0.12,0.02,0.66,4.26,17.92,283.81,2599.91,36736.69,34267.44,128272.05,82086.91,1154.80,213.19,20.52,6.05,8.47,288.70,0.82,2.61,1.38,19.87,53.57,5.88,314.72,15.73,10.71,0.1845,2.5,41.55,A,-,-,-,-,-,-,-,-,-,-,-,-,-
RIL58,1,22.80,5.70,2.30,8.00,24.10,5.70,2.40,8.10,42.67,16.78,4.44,21.22,521.8,2.45,13.89,1.81,58.25,49.25,7.75,8.6,44.50,25,4.5,42.25,2.45,15.80,1.64,1.88,91.00,4.00,4.40,6.30,3.20,3.30,98.90,7.30,4.58,5.10,7.30,4.46,5.61,7.29,13.53,2.30,1.24,12.09,1.63,-,21.87,7.07,2.03,7.01,39.27,17.40,0.13,2.00,12.80,2.13,0.73,5.40,13.53,24.53,9.53,2.07,8.27,49.40,24.87,2.47,0.93,18.13,3.40,17.87,4.60,36.00,18.73,20.05,28.93,3.68,63.37,422.3,248.9,0.42,382,288.4,0,31,3.8,26.1,25.6,34.2,1000.2,492.1,422,0.56,0.66,0.3,0.41,899,1000,1286.8,27.6,0.23,0.22,446.2,91,1614,393.4,85.2,0.16,0.08,0.43,0,10,64.93,0,0,0,0,0.27,52.6,37.81,655.8,130.1,0,578.1,27.36,393.6,53.25,958,0,420.3,0,0,137.6,0.45,0.88,1.41,0.59,1541,4799,450.6,95.3,67.3,59.46,0.85,0.50,0.25,0.77,0.25,1.50,0.22,0.00,0.43,0.53,6.86,25.61,71.05,127.48,10.17,9.63,8.08,2.99,0.54,1.54,6.64,90.00,124.17,175.00,90.00,34.17,85.00,11.76,32.56,-,40.6,,,,,,,,,,,,,5.95,1.705,48.66,42.92,0.88,0.3,1.38,1.18,0.95,0.95,1.58,1.2,1.24,1.6,1.75,1.43,1.33,1.23,1.32,25.33,7.00,16.80,1.73,1.93,3.67,-,-,-,-,-,-,-,-,45.6,66.1,12,30.5,221,46.6,67.3,15,27.6,257,B,-,9.84,1.14,115.1,97.30,92.95,0.80,-,-,-,-,-,-,A,11.04,4.66,10,190.100,8.420,62.870,111.240,0.743,0.515,0.475,-31.98,8.08,72.20,1365.88,15008.19,8237.47,44533.98,28114.26,236.69,99.43,2.16,0.29,1.77,77.34,0.29,1.02,0.18,4.04,15.91,284.92,7106.96,27330.86,27588.93,168022.40,61253.90,976.07,159.94,26.37,12.10,34.38,320.67,0.89,6.65,0.83,2.15,58.56,4.63,270.84,16.48,11.84,0.1690,1.63,61.39,A,-,14.01,13.84,19.83,18.21,5.82,4.36,0.23,0.24,0.10,0.19,-0.14,-0.04
RIL59,1,23.00,7.11,2.78,9.89,25.40,7.60,2.50,10.10,46.11,24.44,7.67,32.11,509.8,2.10,12.84,1.98,61.75,56.25,5.25,8.5,42.50,23.98,3.75,44.75,2.10,17.40,2.11,2.56,86.00,48.00,55.80,6.10,4.90,5.10,94.00,6.60,5.61,7.18,9.92,5.04,7.05,8.29,14.91,2.80,1.24,14.61,3.01,25.61,21.73,8.87,2.09,7.39,38.33,16.60,0.13,2.67,15.00,2.80,0.47,6.47,15.47,24.07,11.86,2.22,7.96,46.00,21.93,2.50,1.93,19.07,4.43,16.93,5.21,36.00,17.51,11.02,35.99,2.30,32.31,301.1,244.9,-,754,119,53.4,70.9,4.7,16.9,28.1,59.7,0,0,428,0.86,0.9,1,0.87,1380,0,207.3,21.6,0.16,0.09,202.1,113,1991,531.4,51.4,0.15,0.24,0.57,0,21.3,91.97,0,0,0,0,0,25.3,48.79,664.6,157.9,0,34.9,21.59,176.8,64.48,1326,0,0,0,126.6,223.3,0.17,0.88,1.32,0.67,563,3873,613,72.7,35.6,72.54,4.25,3.00,2.00,1.50,1.50,3.25,0.17,0.56,9.63,22.42,37.33,39.24,61.87,118.75,14.09,11.72,9.71,8.85,2.37,2.01,2.87,69.83,169.33,179.58,69.83,99.50,109.75,88.75,70.33,-,41.3,,,,,,,,,,,,,5.53,1.835,33.55,55.93,1.34,0.79,0.78,0.72,0.75,0.79,1,0.38,0.72,0.71,0.41,1.33,1.17,0.75,1.08,23.56,8.94,19.31,1.63,2.06,3.69,-,-,-,-,-,-,-,-,45.0,72.1,17,28.8,151,45.1,73.0,18,30.7,333,A,46.6,13.56,1.22,94.9,93.10,89.14,0.94,-,-,-,-,-,-,A,8.99,63.23,6,201.040,18.130,78.240,135.080,0.881,0.694,0.497,-33.1,7.61,54.84,612.92,16082.54,8521.45,49590.95,35269.60,256.55,92.74,2.09,1.33,1.40,88.93,0.25,-,0.18,4.27,21.99,220.86,2511.06,47303.15,45670.09,78224.30,93829.13,1267.95,254.78,21.67,30.43,12.93,256.44,-0.22,0.72,0.43,18.01,37.54,4.97,186.46,18.01,16.35,0.2752,2.75,79.38,A,-,-,-,-,-,-,-,-,-,-,-,-,-
RIL6,-1,18.20,5.00,2.20,7.20,20.89,5.22,2.22,7.44,23.5,5.3,2.4,7.7,544,2.53,8.89,1.76,38.75,26,12,7.6,25.50,17.7,4,41.5,2.53,17.90,1.40,1.59,99.00,55.00,55.60,7.30,5.10,5.10,100.00,8.70,4.02,5.33,6.53,4.03,5.90,4.24,14.68,2.50,1.12,11.09,2.34,5.83,21.07,7.93,1.47,7.52,39.47,18.40,0.47,2.47,17.13,2.93,3.53,7.20,20.67,20.47,8.33,1.67,7.42,41.80,21.33,2.33,0.60,18.33,2.93,14.87,4.73,33.20,15.72,13.26,25.85,2.75,41.44,276.7,252,0.29,240.1,237.6,0,0,0,22.4,18.8,31.4,969.9,539.6,277,0.41,0.73,0.22,0.45,569,970,698.2,29.4,0.33,0.17,273.3,61,1364,826.1,91.2,0.06,0.07,0.47,0,8.3,48.14,0,0,0,0,0,30.6,16.6,473.5,0,0,222.4,29.36,242.7,44.3,890,0,238.2,0,0,76.6,0.32,0.89,2.67,0.65,1337,3466,875.1,99.5,46.3,61.40,1.25,0.25,0.75,1.33,1.00,3.00,0.50,8.04,100.00,100.00,100.00,100.00,100.00,10.43,11.36,8.74,6.73,2.46,2.62,2.01,6.29,112.56,125.92,180.00,112.56,13.36,67.44,73.76,-,-,44.9,,,,,,,,,,,,,9.955,1.145,82.62,40,1.29,0.89,1.18,0.96,1.19,1.18,0.83,1.37,1.12,0.91,2.03,0.64,0.63,1.5,0.92,21.56,6.25,14.13,1.75,1.88,3.63, -, -,20.00,22.50, -, -,6.00,6.00,44.1,44.0,9,35.6,191,44.3,45.4,10,33.4,202,B,67.8,-,-,-,-,-,-,26.48,-,21.37,-,5.11,-,B,3.24,77.90,6,109.780,3.800,75.000,119.400,1.087,0.674,0.957,-32.26,7.43,51.40,744.23,17139.47,5976.70,49327.42,41050.17,239.31,107.61,1.99,1.48,1.65,89.68,0.20,2.06,0.18,4.78,15.51,201.76,1023.87,39680.60,24155.10,108478.84,99928.23,1348.07,243.90,22.09,11.54,12.75,336.45,0.69,0.54,0.90,23.77,17.23,4.83,83.13,16.42,19.82,0.3074,-,-,B,-,-,-,-,-,-,-,-,-,-,-,-,-
RIL61,1,21.80,6.50,2.40,8.90,25.20,7.40,2.60,10.00,40.5,16.7,5.3,22,541.5,2.61,11.15,1.72,59.5,54.75,4.5,8,39.00,24.63,3.5,40.5,2.61,13.40,2.51,3.43,98.00,39.00,39.80,7.10,4.70,4.70,99.50,7.60,5.01,7.41,9.94,5.36,6.91,6.55,14.20,2.70,0.80,10.35,1.92,7.52,22.00,8.00,1.67,6.62,38.33,16.33,0.07,2.47,13.53,2.53,0.20,6.47,13.73,23.86,11.00,1.73,6.56,44.21,20.36,2.71,1.00,15.50,3.71,16.29,5.50,31.79,17.76,10.38,39.33,2.72,31.91,249.2,231.9,0.50,729.8,0,0,71.7,4.3,45.1,27.6,51.2,500.2,0,352,0.75,0.89,0.41,0.99,1766,500,16.9,23.1,0.14,0.12,238,146,1754,379.2,37.3,0.24,0.17,0.51,0,18.9,137.68,0,0,0,14.5,0,30.1,55.61,626.6,154,0,2.4,23.12,208,90.56,1128,0,0,0,103.1,650.6,0.14,0.87,1.63,0.64,1022,3897,591.8,56.2,40,98.04,4.00,3.50,2.75,1.83,2.75,3.75,0.25,0.00,1.22,24.93,77.54,87.66,96.41,56.28,11.98,10.72,8.78,6.64,1.26,1.93,4.08,103.45,163.08,180.00,103.45,59.63,76.55,27.50,54.76,-,43.6,,,,,,,,,,,,,5.47,1.9,114.11,71.12,1.68,0.8,1.45,1.4,1.5,1.8,1.1,0.23,1.04,1.63,1.45,1.83,1.45,0.78,1.35,23.69,8.69,21.31,2.06,2.06,4.13,-,-,-,-,-,-,-,-,43.3,70.6,17,32.1,179,45.2,69.6,17,29.8,276,A,65.0,-,-,-,-,-,-,-,-,-,-,-,-,A,12.57,18.28,10,136.450,6.900,70.940,114.630,1.527,0.562,0.719,-31.96,5.76,56.07,578.31,15523.33,8231.16,45919.86,36206.41,274.87,113.99,2.29,1.21,1.54,91.40,0.14,0.80,0.24,4.60,52.12,192.63,4751.46,57568.74,43168.74,68199.10,60938.29,1566.44,244.88,20.69,9.25,9.72,220.59,2.31,1.92,0.27,19.17,50.57,6.65,336.29,17.88,20.22,0.3554,0.63,61.55,A,-,-,-,-,-,-,-,-,-,-,-,-,-
RIL63,-1,18.78,4.22,2.11,6.33,21.00,4.10,2.10,6.20,35,10.88,5.63,16.5,524.3,2.84,10.27,1.75,41,32.25,8.25,5.9,21.25,20.68,4,37.75,2.84,17.20,0.50,0.14,96.00,0.00,0.00,6.80,1.30,1.30,89.90,6.30,3.13,4.86,5.55,4.06,3.15,6.59,13.60,3.50,1.14,9.00,1.85,10.61,19.67,6.93,1.57,6.58,37.47,17.80,0.40,1.73,12.73,2.13,4.20,5.40,16.93,21.27,9.07,1.93,8.49,43.40,22.13,2.60,1.20,18.20,3.80,25.73,4.33,43.93,21.06,10.41,30.17,2.03,32.93,923.8,307.9,1.88,569.5,105,0,0,3.5,39,17.1,49,490.5,0,924,0.82,0.88,0.65,0.83,1495,490,301.5,24.4,0.15,0.12,264.4,144,1982,292.5,48.5,0.19,0.11,0.55,118.46,22,76.78,0,0,0,0,0,37,68.5,641.2,297.4,0,9.6,24.4,227.4,75.72,1341,0,146,40.9,0,320.4,0.03,0.86,1.11,0.68,1583,4086,364.8,70.5,35.8,61.70,3.00,0.75,1.25,1.00,0.75,2.50,0.25,0.00,18.82,93.18,99.43,100.00,100.00,27.24,12.88,10.47,7.70,3.40,2.41,2.77,7.07,93.53,169.94,174.31,93.53,76.41,80.78,42.86,36.67,-,39.8,,,,,,,,,,,,,5.71,2.09,134.93,47.18,1.5,1.25,1.25,1.25,1.25,1.2,1.08,0.63,0.97,1.25,1.25,1.25,1.13,0.75,1.04,21.44,5.06,15.06,1.56,1.75,3.31,-,-,-,-,-,-,-,-,44.5,47.1,9,32.6,135,47.1,46.5,9,43.5,285,A,61.5,14.17,1.21,84.6,117.99,74.80,0.88,-,-,-,-,-,-,A,3.32,16.34,9,182.740,32.990,73.600,117.610,1.929,0.883,1.046,-31.58,6.39,66.66,795.79,17455.74,9563.03,62235.52,38188.20,187.37,83.18,1.71,1.35,1.27,81.60,0.10,0.82,0.14,3.06,42.56,222.88,3486.38,38100.29,21673.86,116653.50,73207.63,1550.86,-,23.78,-,11.17,183.74,0.93,-,1.72,1.85,17.60,5.35,94.16,17.28,19.96,0.2902,0,-,-,-,-,-,-,-,-,-,-,-,-,-,-,-
RIL65,1,16.60,4.20,1.80,6.00,19.00,4.70,1.40,6.10,21.78,4.33,2.11,6.44,540.8,3.02,8.55,1.62,42.5,30.25,10.5,6.5,23.00,19,4.75,30.75,3.02,17.30,2.76,3.47,100.00,93.00,30.60,8.70,6.50,4.50,99.60,7.60,6.50,5.83,9.64,4.57,7.39,5.71,13.14,2.90,1.16,14.96,2.54,12.09,18.33,6.60,1.84,7.03,35.53,17.20,0.67,1.40,13.07,2.07,4.07,5.47,17.13,17.67,6.93,1.94,8.15,36.33,18.67,1.80,0.36,15.53,2.13,18.53,4.73,34.07,16.55,5.61,40.97,1.55,20.71,1017.5,478.3,-,759.9,0,55,79,0,25.9,29.9,70.7,0,0,1018,0.77,0.9,1,0.96,1724,0,78.5,32,0.3,0.1,165.6,74,1450,16.5,42.5,0.67,0.09,0.46,0,12.9,67.23,0,0,0,0,0,33.2,42.57,614.4,140.6,0,23.5,32,132.4,31.21,836,0,0,0,0,344.7,0.3,0.8,0.73,0.58,1123,3523,73.6,55.4,38.4,74.53,3.00,1.50,0.00,2.50,3.00,3.50,0.83,5.76,95.69,100.00,100.00,100.00,100.00,11.98,10.89,9.42,8.38,6.42,1.47,1.04,3.00,150.00,169.83,178.33,150.00,19.83,28.33,55.00,46.67,-,42.1,,,,,,,,,,,,,6.405,1.33,96.52,53.89,0.83,0.2,0.33,0.2,0.38,2.3,1.55,0.75,1.53,1.25,1.85,2.7,2.25,2.8,2.58,20.25,6.75,16.00,2.06,1.69,3.75,-,-,-,-,-,-,-,-,46.3,34.5,7,40.9,117,52.6,36.3,7,49.3,258,A,70.8,-,-,-,-,-,-,-,-,-,-,-,-,B,9.15,18.47,9,136.810,28.570,86.810,144.890,1.703,1.011,1.077,-32.48,9.80,60.03,724.48,16884.46,7569.11,36138.95,39887.15,279.05,98.66,1.68,1.35,1.08,80.41,0.47,1.01,0.09,5.72,42.13,222.55,684.42,57562.92,39558.20,113513.90,94418.03,1447.00,203.23,26.68,-,2.65,208.56,0.59,4.00,0.19,18.76,105.53,7.18,757.18,18.43,24.06,0.4655,2,34.53,-,-,-,-,-,-,-,-,-,-,-,-,-,-
RIL68,1,21.70,6.10,2.70,8.80,27.20,11.80,3.50,15.30,66,41.56,7.67,49.22,483.3,1.82,12.77,2.03,63.5,48,15,20.8,51.25,28.5,5,52.75,1.82,18.20,0.72,2.01,97.00,0.00,0.00,6.90,1.30,1.30,100.00,8.70,4.09,5.44,6.27,3.76,4.91,5.95,13.70,2.70,1.40,17.15,2.26,6.00,26.47,11.07,1.86,6.50,42.87,16.40,0.13,3.27,13.07,3.40,1.00,5.13,14.07,30.47,15.93,2.49,10.60,53.67,23.20,2.73,1.93,22.40,4.67,19.47,4.60,41.87,17.37,18.85,42.96,3.67,51.12,571,263.7,0.80,516.6,180.3,0,120.1,4.9,17.5,21.3,25.5,711.6,536.1,571,0.64,0.71,0.45,0.51,1163,712,1129.2,36.3,0.25,0.21,486.9,107,1804,560.5,64.1,0.2,0.1,0.44,113.26,16.4,138.68,0,27.7,0,0,0,77.7,42.1,852.6,181.2,0,516.9,36.29,409.2,65.32,951,0,378.6,53.4,0,174,0.46,0.84,1.55,0.53,1426,5262,697.4,80.5,51.3,59.99,0.65,0.00,0.15,0.58,0.35,0.75,0.00,0.00,13.31,59.52,96.89,97.18,99.40,36.43,10.81,10.35,8.65,4.62,0.46,1.70,5.73,26.67,76.17,134.44,26.67,49.50,107.78,94.56,50.00,-,45.6,,,,,,,,,,,,,5.745,1.84,36.35,38.13,1.1,0.55,0.73,0.95,0.6,1.33,1.25,1.25,1.27,0.88,0.98,1.68,1.58,1.23,1.49,31.47,11.93,25.20,0.07,3.53,3.60,-,-,-,-,-,-,-,-,43.4,75.5,18,21.0,133,34.4,73.0,17,20.6,166,B,41.0,-,-,-,-,-,-,-,-,-,-,-,-,A,23.35,97.19,7,205.320,12.770,71.810,130.160,1.330,0.606,0.670,-31.28,6.81,28.46,1393.47,19337.59,10696.74,60076.52,35997.51,195.98,77.82,2.14,1.11,1.64,81.29,0.22,0.67,0.18,3.83,111.18,335.74,7957.13,39886.67,11531.03,119396.80,37711.22,1274.06,281.21,19.77,-,22.63,282.09,-,-,1.21,13.07,42.78,5.47,233.88,17.13,19.85,0.2957,3,39.62,A,-,-,-,-,-,-,-,-,-,-,-,-,-
RIL7,-1,20.67,5.56,1.67,7.22,21.20,5.70,2.00,7.70,22.8,6,1.9,7.9,577.5,3.05,15.13,2.05,52.75,38.5,13.5,7.2,25.25,26.48,3.5,26.5,3.05,18.60,2.50,4.25,100.00,92.00,92.00,8.70,6.40,6.40,100.00,8.70,5.13,6.78,9.20,5.10,8.55,8.62,16.88,2.40,1.28,15.41,3.68,11.48,1.33,7.67,2.12,12.91,37.53,17.93,0.53,1.33,12.67,1.87,3.80,4.27,16.47,19.20,8.07,2.07,11.93,39.47,20.27,0.93,1.00,12.80,1.93,8.27,3.07,21.07,18.94,14.41,35.17,2.78,42.59,377.3,272.2,-,698.1,0,48.5,0,3.7,40.3,24.9,65.6,0,0,572,0.9,0.93,1,0.93,1376,0,98.5,17.7,0.11,0.07,133.2,138,1806,429.9,141.8,0.28,0.21,0.56,0,13.8,91.17,0,0,0,0,0,22.9,92.62,623.5,154.3,0,50,17.71,110.4,45.72,1182,0,0,0,195,251.3,0.51,0.83,0.49,0.66,728,3457,520.8,155.6,0,97.91,2.00,0.00,0.15,1.83,1.75,3.25,0.50,0.00,0.00,7.86,89.64,98.78,100.00,56.11,11.53,11.01,8.20,3.37,0.52,2.81,7.64,91.39,139.81,161.72,91.39,48.42,70.33,37.22,-,-,40.9,,,,,,,,,,,,,7.555,1.9,66.51,82.96,0.17,0.13,0.22,0.28,0.15,0.73,1,0.68,0.8,0.71,0.63,0.87,0.95,0.25,0.69,21.67,7.93,28.80,1.00,1.87,2.87,-,-,-,-,-,-,-,-,42.3,40.9,10,37.9,139,44.5,36.9,9,42.1,204,A,63.2,11.56,1.20,97.0,119.20,99.85,1.04,-,-,-,-,-,-,B,-,96.16,6,202.930,12.200,76.590,134.000,0.976,0.702,0.810,-32.51,9.35,76.06,446.71,17946.10,10170.94,50785.72,42920.03,250.50,101.05,1.60,1.56,2.08,60.29,0.21,0.22,0.70,3.57,19.20,222.21,1557.30,42085.53,30450.43,133426.05,97270.17,963.77,254.86,16.20,26.44,10.87,240.24,1.61,1.16,2.07,12.08,154.69,8.10,1252.99,16.26,15.56,0.1845,0,69.66,-,-,-,-,-,-,-,-,-,-,-,-,-,-
RIL70,1,23.70,8.70,3.80,12.50,27.56,8.33,2.89,11.22,46.75,18.63,8.88,27.5,482.8,1.89,9.43,1.91,61.75,33.5,20.5,11.8,41.25,29.18,4.25,69.75,1.89,20.90,0.91,1.45,100.00,85.00,85.00,8.70,6.00,6.00,100.00,8.70,3.95,4.76,6.93,3.59,5.96,4.37,12.11,2.30,1.22,15.76,2.38,11.22,22.36,8.86,1.96,6.38,41.00,18.64,0.43,3.79,18.07,4.21,3.86,6.21,21.93,27.36,12.64,2.26,9.34,52.43,25.07,4.36,1.50,26.50,5.86,29.36,3.62,55.86,21.37,13.78,39.61,2.97,41.41,728.9,278.9,0.96,608.7,0,0,99.1,3.5,36.1,22.2,35.4,762.6,0,729,0.7,0.8,0.49,0.67,1266,763,615.4,35.1,0.22,0.17,288.1,128,1386,1090.6,26.9,0.09,0.1,0.45,113.16,14.5,99.42,0,0,0,0,14.99,71.9,91.17,606.8,162.1,0,300.9,20.12,216.2,37.24,779,0,314.4,0,0,216,0.49,0.75,0.41,0.56,1655,3693,1188.1,41.4,44.7,53.37,2.25,1.75,0.65,2.17,3.00,4.00,1.25,10.15,96.93,100.00,99.38,100.00,100.00,11.36,9.02,8.07,5.71,2.89,0.95,2.36,5.18,107.78,150.00,170.83,107.78,42.22,63.06,91.94,96.67,-,44.9,,,,,,,,,,,,,6.36,1.295,48.11,48.21,1.22,0.84,1.11,1.09,0.8,1.19,1.27,0.67,1.04,0.69,0.6,1.17,1.17,1,1.11,23.56,8.75,19.69,1.38,1.94,3.31,-,-,-,-,-,-,-,-,47.5,75.8,20,32.6,157,40.9,76.6,20,31.5,274,B,53.2,7.93,0.64,82.7,112.50,78.45,0.96,-,-,-,-,-,-,A,18.48,15.50,8,152.980,13.100,88.100,140.890,1.667,0.619,0.869,-32.35,6.78,53.08,833.86,15839.04,9811.73,44494.29,32815.14,224.98,89.49,1.86,1.11,1.06,98.74,0.11,0.65,0.07,5.28,12.20,455.82,418.47,64464.95,-,107509.30,100733.33,1443.41,309.65,21.40,-,7.14,158.91,-0.15,1.77,0.41,10.97,36.46,5.05,184.12,18.25,23.02,0.3475,2,56.03,A,-,-,-,-,-,-,-,-,-,-,-,-,-
RIL71,1,17.60,4.40,2.10,6.50,20.00,4.67,2.11,6.78,24.11,5.78,2,7.78,505,2.27,14.75,1.99,57.75,39.5,18,6.9,23.75,30.5,3,34.25,2.27,22.00,1.06,1.43,95.00,32.00,33.70,6.60,4.50,4.60,95.40,6.70,4.43,5.19,7.86,4.47,5.78,8.51,13.38,2.60,1.45,12.76,1.39,16.91,18.20,6.27,2.11,14.86,35.93,17.73,0.40,1.33,12.47,1.73,2.87,5.33,15.33,16.60,6.27,1.82,14.32,37.07,20.47,1.33,0.47,14.73,1.80,10.87,4.27,25.60,25.85,16.30,33.87,2.59,45.98,0,0,-,1107.2,212.5,0,89.1,4.1,29.4,40.5,78.4,0,446.5,1273,1,0.91,1,0.87,1878,0,278.6,0,0,0.08,181.8,78,1973,282.9,33.1,0.16,0.06,0.44,0,19.6,67.76,0,0,0,0,0,32.7,76.29,540.4,157.5,0,66.1,0,149.1,1.54,1433,0,0,0,1272.9,613.6,0.24,0.82,0.02,0.73,1351,4881,338.6,52.7,0,-,-,-,-,-,-,-,-,0.42,59.31,96.92,98.77,100.00,100.00,19.36,-,-,-,-,-,-,-,-,-,-,-,-,-,38.18,35.00,-,37.8,,,,,,,,,,,,,-,-,-,-,2.8,2,2.8,2.6,2.6,0.6,2,1.4,1.33,0.8,1.6,1.2,1.8,1,1.33,22.79,8.71,28.14,0.43,1.71,2.14,-,-,-,-,-,-,-,-,43.3,35.5,7,38.3,100,42.9,35.4,7,43.8,140,B,45.3,-,-,-,-,-,-,-,-,-,-,-,-,B,21.90,67.06,13,202.010,10.050,78.890,132.510,1.307,1.075,0.884,-32.4,8.26,76.87,696.68,15979.99,9731.01,48151.90,38754.57,218.80,85.14,1.58,1.03,2.01,77.43,0.16,0.71,0.92,4.57,26.64,268.98,1267.33,36462.08,42909.00,114202.10,93439.83,1316.34,158.68,16.67,8.62,8.80,416.80,-0.26,0.76,3.02,22.90,45.50,4.13,187.69,16.58,14.29,0.2097,0,25.07,-,-,-,-,-,-,-,-,-,-,-,-,-,-
RIL72,-1,22.50,6.40,2.50,8.90,33.80,13.80,3.60,17.40,58.67,33.67,7.44,41.11,531.3,2.93,13.98,1.96,45.5,41.25,3.75,21.7,45.50,43.33,5.75,43.25,2.93,17.10,0.38,0.36,100.00,44.00,44.00,8.70,4.80,4.80,100.00,8.70,4.53,6.47,8.48,5.64,6.74,7.79,16.17,2.60,0.89,10.60,0.98,7.52,26.53,10.53,1.63,11.56,44.60,18.07,0.00,2.53,9.47,2.53,0.00,2.67,9.47,30.07,13.50,2.08,16.46,59.64,29.57,3.07,0.57,16.14,3.64,21.00,3.00,37.14,23.40,18.21,38.28,3.11,53.70,0,0,-,385.9,0,93.3,90.7,3.3,15.7,17.4,0,0,0,194,0.56,0.68,0.24,0.33,601,608,1246.2,16.2,0.19,0.16,225.6,69,1216,390.5,27.5,0.57,0.1,0.42,0,8.5,223.9,0,35.9,363,8.4,0,29.6,51.8,432.7,0,181.04,1144.5,16.22,196,16.93,784,63.6,0,0,193.9,179,0.92,0.87,0.33,0.64,887,3399,628.4,36.1,0,43.72,0.50,0.00,0.65,0.32,0.00,2.00,0.37,0.00,8.91,32.45,78.83,90.38,96.82,49.71,13.29,13.19,10.96,4.25,0.10,2.24,8.94,91.67,115.83,172.00,91.67,24.17,80.33,5.00,0.00,-,44.6,,,,,,,,,,,,,9.925,1.895,100.37,73.29,0.65,0.63,0.95,1.05,0.85,0.5,1.05,0.25,0.6,0.25,0.88,0.38,0.88,1.2,0.82,35.50,15.81,45.63,0.69,3.94,4.63,-,-,-,-,-,-,-,-,33.5,64.8,13,28.0,136,43.9,70.0,15,26.0,179,B,88.0,8.29,0.75,94.3,124.40,71.65,0.75,-,-,-,-,-,-,B,3.58,30.47,6,169.040,10.150,53.810,130.810,1.675,0.629,0.640,-29.43,7.19,51.69,740.09,14419.64,9017.56,39052.37,33545.88,277.46,89.59,3.22,1.03,1.30,96.63,0.14,0.69,0.56,5.13,40.79,220.62,1325.27,42018.00,22422.79,72532.20,70281.65,2006.55,231.01,37.16,7.84,-,305.17,1.48,-,1.12,24.91,29.77,4.95,147.36,14.78,16.51,0.2489,1,36.28,A,-,-,-,-,-,-,-,-,-,-,-,-,-
